Date,IF00.CFE,IC00.CFE,TF00.CFE,AU00.SHF,159920.OF,511880.SH
2012/1/4,2305.6,3109.8114,96.0721,319,0.8568,78.7476
2012/1/5,2291,2994.9886,96.0468,319,0.8624,78.7691
2012/1/6,2297.6,3007.8264,96.1727,334.6,0.8532,78.7905
2012/1/9,2376.8,3129.9477,96.24,334.6,0.8665,78.812
2012/1/10,2462.6,3259.0139,96.2697,336,0.872,78.8334
2012/1/11,2445.6,3260.33,96.2684,345,0.8784,78.8548
2012/1/12,2445.6,3259.424,96.2508,345.37,0.8768,78.8762
2012/1/13,2410.2,3150.2077,96.2639,345.37,0.8814,78.8976
2012/1/16,2352,3049.7278,96.2082,336,0.874,78.919
2012/1/17,2487.4,3219.5489,96.232,339.2,0.9015,78.9404
2012/1/18,2427.4,3154.2515,96.2354,338.68,0.9039,78.9617
2012/1/19,2470.2,3186.3147,96.3393,338.99,0.9155,78.9831
2012/1/20,2498.2,3229.995,96.4361,338,0.9228,79.0044
2012/1/30,2469.2,3207.3999,96.1601,353.79,0.9246,79.0257
2012/1/31,2476,3209.431,96.1629,351.52,0.9358,79.047
2012/2/1,2439.8,3181.9007,95.9923,351,0.9332,79.0683
2012/2/2,2487.2,3242.221,95.9433,351,0.9516,79.0895
2012/2/3,2509,3295.7006,95.9494,353,0.9526,79.1108
2012/2/6,2504.4,3324.2976,95.8706,353,0.9506,79.132
2012/2/7,2464.2,3270.1653,95.8597,353,0.9504,79.1533
2012/2/8,2536.4,3356.5576,95.8093,353,0.9637,79.1745
2012/2/9,2532.6,3380.2555,95.6976,353,0.963,79.1957
2012/2/10,2532.2,3398.1639,95.7223,353,0.9514,79.2169
2012/2/13,2531,3428.9928,95.8721,353,0.9562,79.238
2012/2/14,2519.6,3433.6201,95.9114,353,0.9578,79.2592
2012/2/15,2546.6,3485.7621,95.8272,353,0.9786,79.2803
2012/2/16,2533.6,3484.8396,95.805,351.35,0.975,79.3015
2012/2/17,2537.4,3473.2508,95.7112,353.63,0.9842,79.3226
2012/2/20,2552.4,3482.1664,95.881,354.3,0.981,79.3437
2012/2/21,2568.8,3524.8784,95.9084,355.98,0.9837,79.3648
2012/2/22,2595.8,3593.7549,95.856,357.3,0.9874,79.3859
2012/2/23,2606,3605.3321,95.8484,362.29,0.9803,79.4069
2012/2/24,2658.4,3659.8248,95.845,362.01,0.9804,79.428
2012/2/27,2669,3667.1321,95.7721,360.75,0.9721,79.449
2012/2/28,2668,3648.8701,95.7554,363,0.9877,79.47
2012/2/29,2650.8,3600.7105,95.8279,363.19,0.9922,79.491
2012/3/1,2639,3619.7353,95.828,355,0.9803,79.512
2012/3/2,2684.6,3696.4452,95.7625,355,0.9877,79.533
2012/3/5,2668.8,3700.3039,95.6012,351.01,0.9759,79.554
2012/3/6,2633,3663.4877,95.6636,350.5,0.9545,79.5749
2012/3/7,2613,3636.3295,95.7518,346.5,0.9475,79.5959
2012/3/8,2637.8,3693.923,95.7791,346.5,0.9603,79.6168
2012/3/9,2665,3748.7509,95.8077,350,0.967,79.6377
2012/3/12,2647.6,3771.1687,95.8141,350,0.9724,79.6586
2012/3/13,2676.8,3809.1072,95.8228,349.6,0.9816,79.6795
2012/3/14,2613.8,3637.8979,95.7966,349.6,0.9808,79.7004
2012/3/15,2586.8,3593.7646,95.7311,349.6,0.9831,79.7212
2012/3/16,2598.2,3688.8476,95.7637,344.44,0.9791,79.7421
2012/3/19,2629.4,3730.8143,95.7839,342.29,0.9679,79.7629
2012/3/20,2596.2,3649.5559,95.7677,342.29,0.9567,79.7837
2012/3/21,2601.6,3662.9636,95.7595,341,0.9561,79.8045
2012/3/22,2596.4,3645.7605,95.7979,341.9,0.9568,79.8253
2012/3/23,2571,3575.3672,95.8744,341.9,0.9442,79.8461
2012/3/26,2568.8,3571.6167,95.873,341.5,0.9435,79.8669
2012/3/27,2564.8,3558.5597,95.8152,345.5,0.9604,79.8876
2012/3/28,2493,3399.896,95.8701,343,0.9545,79.9083
2012/3/29,2464,3337.2513,95.9245,339,0.9423,79.9291
2012/3/30,2453.6,3328.6337,95.9235,343,0.9399,79.9498
2012/4/5,2511.4,3440.3653,96.0037,343,0.9429,79.9705
2012/4/6,2520.6,3462.263,95.9995,343,0.9436,79.9912
2012/4/9,2501,3422.2115,96.004,344.51,0.9426,80.0118
2012/4/10,2517,3462.2737,96.0497,337.5,0.9323,80.0325
2012/4/11,2521.4,3474.3905,96.0868,337.5,0.922,80.0531
2012/4/12,2572.2,3546.4127,96.0391,338.5,0.9301,80.0737
2012/4/13,2586.2,3580.1398,96.0078,342.98,0.9458,80.0944
2012/4/16,2574.2,3590.3229,96.0427,337.8,0.9434,80.115
2012/4/17,2549.6,3537.7902,96.0781,335.62,0.9403,80.1356
2012/4/18,2593.4,3618.125,96.0403,338,0.9509,80.1561
2012/4/19,2596,3609.0505,96.0214,335.12,0.9613,80.1767
2012/4/20,2621,3639.8931,96.0529,335.12,0.9625,80.1972
2012/4/23,2619.4,3596.2585,95.9937,336,0.9439,80.2178
2012/4/24,2605.4,3571.7297,96.0056,334.99,0.9469,80.2383
2012/4/25,2628.8,3622.8897,96.0187,336,0.9444,80.2588
2012/4/26,2638.8,3604.4943,96.0319,336.43,0.9504,80.2793
2012/4/27,2638.6,3570.018,96.079,338.35,0.9468,80.2998
2012/5/2,2686.8,3622.2545,96.1198,338.35,0.971,80.3203
2012/5/3,2694.8,3637.4099,96.1058,336.5,0.9686,80.3407
2012/5/4,2717.2,3660.9733,96.1036,336.5,0.9614,80.3612
2012/5/7,2714.2,3686.8398,96.1592,336.5,0.9381,80.3816
2012/5/8,2702.2,3685.7838,96.1555,336.5,0.9349,80.402
2012/5/9,2663.6,3621.4859,96.1618,336.5,0.9288,80.4224
2012/5/10,2663.4,3634.7942,96.2851,336.5,0.9251,80.4428
2012/5/11,2631.2,3619.4548,96.4464,336.5,0.9132,80.4632
2012/5/14,2603.8,3614.3033,96.811,330,0.9037,80.4835
2012/5/15,2604.2,3610.1981,97.421,330,0.912,80.5039
2012/5/16,2563.2,3565.8037,97.6106,313.13,0.884,80.5242
2012/5/17,2603.2,3618.2867,97.4079,317.03,0.8816,80.5445
2012/5/18,2576,3561.4647,97.5644,322.5,0.8696,80.5649
2012/5/21,2583,3559.2124,97.5148,326.69,0.8674,80.5851
2012/5/22,2607.6,3615.2366,97.4938,324.7,0.8725,80.6054
2012/5/23,2587.8,3613.1557,97.4813,319.26,0.8625,80.6257
2012/5/24,2582.2,3583.1256,97.8288,320.73,0.8576,80.646
2012/5/25,2565.4,3541.6479,98.2464,320.53,0.8601,80.6662
2012/5/28,2598.8,3592.2459,98.0405,324.44,0.864,80.6864
2012/5/29,2645,3648.9656,97.937,323.21,0.8759,80.7067
2012/5/30,2632.4,3655.3377,97.8114,318.3,0.8595,80.7269
2012/5/31,2635.6,3656.6762,97.7631,311,0.8573,80.747
2012/6/1,2629.2,3647.7566,97.8069,319.2,0.8537,80.7672
2012/6/4,2545.4,3528.2939,97.8422,332.92,0.8362,80.7874
2012/6/5,2552.4,3524.2082,97.7951,332.21,0.8393,80.8075
2012/6/6,2549,3507.2078,97.7159,332.05,0.8518,80.8277
2012/6/7,2533.8,3488.673,97.6778,331,0.8578,80.8478
2012/6/8,2513,3472.1324,97.8512,323.1,0.85,80.8679
2012/6/11,2552.2,3536.5803,97.5652,323.67,0.8706,80.888
2012/6/12,2540.8,3515.2233,97.4699,325,0.8684,80.9081
2012/6/13,2568,3579.9907,97.3733,328.7,0.8753,80.9282
2012/6/14,2558.8,3558.3931,97.3112,328.7,0.8641,80.9482
2012/6/15,2556,3554.7779,97.3304,328.7,0.8822,80.9683
2012/6/18,2572.4,3589.5883,97.1773,331.51,0.8899,80.9883
2012/6/19,2558,3563.5105,97.1415,333,0.8895,81.0084
2012/6/20,2549,3542.2071,97.0998,331.2,0.894,81.0284
2012/6/21,2510.8,3498.1225,97.18,331.2,0.8829,81.0484
2012/6/25,2467.6,3402.9247,97.1904,326,0.8685,81.0683
2012/6/26,2461,3399.8619,97.3042,324.97,0.8722,81.0883
2012/6/27,2454.8,3386.6432,97.406,324.43,0.8808,81.1083
2012/6/28,2439.4,3339.3136,97.5302,324.43,0.8741,81.1282
2012/6/29,2469,3381.3456,97.5569,328,0.894,81.1481
2012/7/2,2464,3418.8886,97.5203,328,0.8927,81.1681
2012/7/3,2469,3425.0016,97.5823,328,0.9067,81.188
2012/7/4,2469.6,3407.4371,97.5869,328,0.905,81.2079
2012/7/5,2444.8,3329.9449,97.6117,328,0.9106,81.2277
2012/7/6,2479.6,3396.5243,97.7773,330,0.911,81.2476
2012/7/9,2430.8,3311.0488,97.7546,330,0.8945,81.2675
2012/7/10,2422.6,3278.7644,97.8192,330,0.8916,81.2873
2012/7/11,2428.6,3316.2109,97.9091,330,0.8929,81.3071
2012/7/12,2446.4,3361.2161,97.9771,330,0.8748,81.3269
2012/7/13,2457,3346.391,97.9317,330,0.8781,81.3467
2012/7/16,2417,3225.5976,97.9558,330,0.8789,81.3665
2012/7/17,2422.4,3248.1956,97.8679,326.8,0.8937,81.3863
2012/7/18,2419.2,3266.2784,97.8479,326.8,0.8835,81.4061
2012/7/19,2422.8,3305.0585,97.7781,326.8,0.8979,81.4258
2012/7/20,2402.6,3282.9027,97.8753,326.8,0.9015,81.4456
2012/7/23,2378.2,3251.6734,97.7609,324.2,0.8767,81.4653
2012/7/24,2382.4,3274.3076,97.7801,324.2,0.8707,81.485
2012/7/25,2374,3246.0515,97.8069,324.49,0.8706,81.5047
2012/7/26,2365,3217.0706,97.74,327.79,0.8707,81.5244
2012/7/27,2372.2,3198.8105,97.7718,330.19,0.8875,81.5441
2012/7/30,2363.8,3134.3782,97.7664,331.7,0.9016,81.5637
2012/7/31,2363.2,3077.6225,97.6571,331.3,0.9118,81.5834
2012/8/1,2369.6,3133.143,97.6365,329.5,0.9128,81.603
2012/8/2,2351.2,3113.3467,97.6681,329.5,0.9079,81.6226
2012/8/3,2367.8,3175.6874,97.6312,325.5,0.9073,81.6422
2012/8/6,2384.4,3251.0997,97.5892,326,0.9216,81.6618
2012/8/7,2392.2,3281.2846,97.5393,326,0.9246,81.6814
2012/8/8,2391.2,3269.8215,97.4118,326,0.925,81.701
2012/8/9,2418.2,3317.1403,97.3632,326,0.9345,81.7205
2012/8/10,2411.6,3308.1691,97.397,326,0.9292,81.7401
2012/8/13,2367.8,3232.4275,97.4027,326,0.9267,81.7596
2012/8/14,2357.6,3263.0996,97.3175,326,0.9362,81.7791
2012/8/15,2339.6,3225.354,97.209,326,0.9257,81.7987
2012/8/16,2329.2,3201.963,97.1323,327.09,0.9217,81.8182
2012/8/17,2303.4,3201.9143,97.1524,330.26,0.9282,81.8376
2012/8/20,2316.4,3204.5066,96.9356,330.26,0.9281,81.8571
2012/8/21,2323,3249.6247,96.9038,331.46,0.927,81.8766
2012/8/22,2309.8,3220.7481,96.7154,334.35,0.9162,81.896
2012/8/23,2323.6,3242.0622,96.7498,340.5,0.927,81.9154
2012/8/24,2295,3181.4282,96.9445,338.72,0.9152,81.9349
2012/8/27,2249.4,3102.1124,96.9853,340.2,0.9128,81.9543
2012/8/28,2248,3118.3442,96.9875,337.11,0.9137,81.9737
2012/8/29,2232.2,3097.4451,96.9885,339,0.9123,81.993
2012/8/30,2221.8,3048.6923,96.9345,338.7,0.9021,82.0124
2012/8/31,2216,3058.4389,96.9104,337.1,0.899,82.0318
2012/9/3,2234.4,3117.675,96.9268,343,0.902,82.0511
2012/9/4,2210.8,3083.111,96.9695,343,0.8959,82.0704
2012/9/5,2210,3099.6468,96.9146,343,0.8836,82.0898
2012/9/6,2241.2,3134.8498,96.9342,343,0.8862,82.1091
2012/9/7,2341.2,3248.56,96.7258,343,0.9132,82.1284
2012/9/10,2337.8,3276.7576,96.4983,342.59,0.9139,82.1476
2012/9/11,2323.6,3263.5896,96.4176,350,0.9156,82.1669
2012/9/12,2330.4,3288.9514,96.2371,350,0.9252,82.1862
2012/9/13,2300.8,3243.3374,96.2265,350,0.9236,82.2054
2012/9/14,2329,3251.8507,96.0248,350,0.9502,82.2246
2012/9/17,2269.4,3154.1073,95.9398,350,0.9515,82.2439
2012/9/18,2232.4,3141.0095,96.0337,357.58,0.9497,82.2631
2012/9/19,2246.8,3171.8004,96.0502,358.58,0.9613,82.2823
2012/9/20,2195,3080.1271,96.1653,360.72,0.9495,82.3015
2012/9/21,2203.6,3062.5402,96.1619,360.29,0.9568,82.3206
2012/9/24,2221.4,3085.3857,96.1983,355.21,0.9547,82.3398
2012/9/25,2218.6,3063.2202,96.3304,356.07,0.9553,82.3589
2012/9/26,2200.2,2992.6711,96.4612,357,0.9475,82.3781
2012/9/27,2257.2,3059.9801,96.6287,355.84,0.9585,82.3972
2012/9/28,2315.6,3117.1353,96.6209,353,0.9614,82.4163
2012/10/8,2276.6,3101.1714,96.5628,356.08,0.961,82.4354
2012/10/9,2323.8,3181.2996,96.5489,355.69,0.9665,82.4545
2012/10/10,2321.4,3211.7973,96.495,355.69,0.9658,82.4735
2012/10/11,2320,3164.1813,96.5309,355.69,0.9685,82.4926
2012/10/12,2307.2,3156.7328,96.6145,355.69,0.973,82.5116
2012/10/15,2302.4,3139.9671,96.3919,355.69,0.9712,82.5307
2012/10/16,2298.8,3149.7479,96.3062,358.45,0.9739,82.5497
2012/10/17,2309.4,3157.102,96.2573,358.45,0.9823,82.5687
2012/10/18,2332.6,3209.7632,96.228,354.48,0.9868,82.5877
2012/10/19,2333.8,3200.6157,96.1968,350.5,0.989,82.6067
2012/10/22,2351,3213.3219,96.2626,349.47,0.996,82.6256
2012/10/23,2324.4,3174.9188,96.2504,348,0.99,82.6446
2012/10/24,2322,3173.8023,96.2225,348,0.998,82.6635
2012/10/25,2307.4,3142.8731,96.2118,340.88,1.002,82.6825
2012/10/26,2252,3081.6196,96.1722,342.7,0.998,82.7014
2012/10/29,2244,3077.3799,96.2152,347.5,0.995,82.7203
2012/10/30,2245.4,3079.0789,96.2916,344.1,0.994,82.7392
2012/10/31,2255.2,3086.2976,96.2631,344.9,0.999,82.7581
2012/11/1,2306.2,3144.839,96.1509,344.9,1.002,82.777
2012/11/2,2307.2,3165.6494,96.2154,344.9,1.013,82.7958
2012/11/5,2307,3151.8161,96.2198,337.5,1.01,82.8147
2012/11/6,2290.8,3130.2945,96.2089,337.25,1.006,82.8335
2012/11/7,2292,3126.2818,96.1963,337.25,1.006,82.8523
2012/11/8,2245,3048.7634,96.2532,337.25,0.992,82.8711
2012/11/9,2244.6,3036.4985,96.3234,337.25,0.982,82.8899
2012/11/12,2249,3055.3294,96.3492,337.25,0.978,82.9087
2012/11/13,2214.4,2992.7997,96.3989,337.25,0.969,82.9275
2012/11/14,2217.4,3001.6968,96.5209,337.25,0.975,82.9463
2012/11/15,2192.8,2948.6917,96.5759,337.25,0.966,82.965
2012/11/16,2169.4,2931.4575,96.6963,345.1,0.968,82.9838
2012/11/19,2176.2,2938.2826,96.8002,347.35,0.97,83.0025
2012/11/20,2181,2926.6158,96.7958,348.68,0.975,83.0212
2012/11/21,2192.4,2956.9118,96.7091,346.8,0.977,83.0399
2012/11/22,2187.6,2917.7605,96.644,347.42,0.988,83.0586
2012/11/23,2194.4,2927.8589,96.6389,347.05,0.995,83.0773
2012/11/26,2180.2,2893.6301,96.5476,349.2,0.994,83.0959
2012/11/27,2158,2790.2169,96.5211,349.1,0.995,83.1146
2012/11/28,2141.8,2728.2279,96.4345,346.94,0.989,83.1332
2012/11/29,2125.6,2702.5475,96.4319,342.17,0.996,83.1519
2012/11/30,2138.4,2743.8995,96.4297,349.1,1,83.1705
2012/12/3,2117.4,2678.1521,96.4263,342.9,0.994,83.1891
2012/12/4,2131.4,2711.545,96.379,339.81,0.99,83.2077
2012/12/5,2215.8,2811.6654,96.3693,339,1.002,83.2263
2012/12/6,2204.4,2809.8749,96.3755,337.81,1.01,83.2448
2012/12/7,2254.8,2874.0198,96.3666,340.2,1.008,83.2634
2012/12/10,2268.4,2924.7142,96.3748,340.23,1.005,83.2819
2012/12/11,2261.4,2905.0319,96.3955,341.95,1.006,83.3005
2012/12/12,2268.4,2905.8677,96.4126,341.1,1.017,83.319
2012/12/13,2252.6,2867.2814,96.4374,340,1.013,83.3375
2012/12/14,2374.2,2987.0617,96.4303,340.39,1.017,83.356
2012/12/17,2373,3012.0436,96.4059,340.42,1.01,83.3745
2012/12/18,2366,3006.8892,96.4188,342.89,1.012,83.3929
2012/12/19,2369.6,3019.0743,96.4029,337.67,1.017,83.4114
2012/12/20,2390.8,3028.5901,96.3852,335.66,1.014,83.4299
2012/12/21,2378,3021.0051,96.3988,330.69,1.01,83.4483
2012/12/24,2390.8,3037.1999,96.4163,333.69,1.008,83.4667
2012/12/25,2453,3106.7466,96.4263,333.16,1.013,83.4851
2012/12/26,2461.8,3145.3115,96.4566,333.01,1.014,83.5035
2012/12/27,2466.6,3116.8713,96.5527,333,1.014,83.5219
2012/12/28,2499,3151.6631,96.6139,333.38,1.01,83.5403
2012/12/31,2538,3191.2782,96.6647,334.08,1.02,83.5587
2013/1/4,2533.2,3174.1238,96.5398,330.35,1.033,83.577
2013/1/7,2533.2,3203.4642,96.6335,333.6,1.039,83.5953
2013/1/8,2531.2,3241.1367,96.7225,330.5,1.03,83.6137
2013/1/9,2525.4,3248.8785,96.7408,333.3,1.032,83.632
2013/1/10,2537.8,3269.6899,96.6867,331.96,1.04,83.6503
2013/1/11,2498.6,3186.718,96.6018,334.11,1.039,83.6686
2013/1/14,2586.6,3297.3518,96.6241,332.11,1.05,83.6869
2013/1/15,2596.4,3361.5863,96.6413,334.6,1.046,83.7051
2013/1/16,2570,3361.4675,96.6537,337.77,1.044,83.7234
2013/1/17,2561,3320.0278,96.7021,337.52,1.047,83.7416
2013/1/18,2592.6,3375.1888,96.7668,338,1.056,83.7599
2013/1/21,2608.2,3400.9822,96.8313,338.71,1.057,83.7781
2013/1/22,2602.6,3346.732,96.8371,338.8,1.059,83.7963
2013/1/23,2615.6,3352.8801,96.8268,339.54,1.059,83.8145
2013/1/24,2590.6,3282.7264,96.8037,336.11,1.057,83.8327
2013/1/25,2592.8,3277.2018,96.8121,335.02,1.054,83.8509
2013/1/28,2654.4,3360.7212,96.4776,334.24,1.062,83.869
2013/1/29,2671,3392.6013,96.4717,334.22,1.061,83.8872
2013/1/30,2699,3410.194,96.4537,335.26,1.067,83.9053
2013/1/31,2699.8,3389.7947,96.4582,336.5,1.062,83.9235
2013/2/1,2746.4,3417.1409,96.4905,335.92,1.062,83.9416
2013/2/4,2749.4,3394.3967,96.4785,336.5,1.067,83.9597
2013/2/5,2773.4,3429.7439,96.4929,336.5,1.044,83.9778
2013/2/6,2785.6,3452.8699,96.5026,336.5,1.046,83.9959
2013/2/7,2779.8,3465.809,96.5254,336.5,1.041,84.0139
2013/2/8,2765.2,3515.4162,96.5483,336.5,1.043,84.032
2013/2/18,2745.6,3534.1078,96.6251,336.5,1.051,84.05
2013/2/19,2709.2,3469.4037,96.6052,325.51,1.042,84.0681
2013/2/20,2710.4,3541.5106,96.6549,325.67,1.044,84.0861
2013/2/21,2615.2,3468.3906,96.6461,317.59,1.028,84.1041
2013/2/22,2593.2,3456.7403,96.6016,318.71,1.025,84.1221
2013/2/25,2605,3494.9565,96.5671,321.62,1.024,84.1401
2013/2/26,2564.6,3441.9776,96.5706,322.18,1.015,84.1581
2013/2/27,2587.6,3444.6001,96.5952,325.3,1.011,84.176
2013/2/28,2678.4,3515.0363,96.5952,320.5,1.029,84.194
2013/3/1,2666.6,3554.2207,96.5987,321.98,1.03,84.2119
2013/3/4,2548,3427.8647,96.5996,317.8,1.01,84.2298
2013/3/5,2616,3505.0246,96.6035,318.15,1.014,84.2478
2013/3/6,2648,3559.5904,96.6105,318.6,1.021,84.2657
2013/3/7,2615.6,3516.4401,96.6018,318.64,1.019,84.2836
2013/3/8,2611.6,3478.1937,96.2362,317.02,1.038,84.3014
2013/3/11,2592.6,3478.9,96.1925,318.01,1.038,84.3193
2013/3/12,2552.8,3391.292,96.237,323.99,1.032,84.3372
2013/3/13,2529,3360.2887,96.2665,319.45,1.017,84.355
2013/3/14,2524,3375.3924,96.2669,319.45,1.008,84.3728
2013/3/15,2568.6,3381.5882,96.237,318,1.015,84.3907
2013/3/18,2510.8,3338.6327,96.267,321.18,0.988,84.4085
2013/3/19,2529.8,3349.3019,96.2806,321.77,0.993,84.4263
2013/3/20,2610,3436.6859,96.2873,323.73,0.999,84.4441
2013/3/21,2617,3472.9721,96.2771,322.53,1,84.4619
2013/3/22,2625.8,3487.4874,96.2878,323.48,0.994,84.4796
2013/3/25,2622.6,3476.3847,96.311,323.48,0.999,84.4973
2013/3/26,2572.4,3452.3117,96.3156,321,0.997,84.5151
2013/3/27,2573.6,3460.5387,96.3262,320.1,1.008,84.533
2013/3/28,2506.8,3359.9253,96.3627,320.5,0.998,84.5508
2013/3/29,2483.8,3358.277,96.376,318.5,1,84.5685
2013/4/1,2483.2,3381.3407,96.487,319.5,1,84.5858
2013/4/2,2505.8,3339.977,96.6358,319.5,1,84.6029
2013/4/3,2478.6,3309.5164,96.7395,319.5,1.003,84.6205
2013/4/8,2463.8,3323.0555,96.7843,315,0.979,84.6391
2013/4/9,2480.6,3355.4383,96.8337,315,0.983,84.6585
2013/4/10,2481,3348.5177,96.9043,315,0.983,84.6774
2013/4/11,2472.4,3334.8305,96.8596,315,0.992,84.6928
2013/4/12,2461.8,3306.8715,96.8944,315,0.988,84.7053
2013/4/15,2441.2,3260.4362,97.0081,315,0.976,84.7173
2013/4/16,2450,3295.7308,97.172,296.97,0.974,84.7373
2013/4/17,2454,3324.3083,97.0967,282.12,0.973,84.7734
2013/4/18,2459.8,3334.6307,97.0114,275.5,0.964,84.8027
2013/4/19,2528.2,3404.9958,96.926,282.19,0.977,84.8366
2013/4/22,2531.8,3420.9548,96.8813,283.32,0.984,84.7951
2013/4/23,2448.4,3328.2372,97.0669,282.31,0.972,84.7485
2013/4/24,2492.6,3394.5974,97.1176,284.91,0.989,84.7985
2013/4/25,2460.8,3342.8031,97.161,290.6,0.997,84.8078
2013/4/26,2439.8,3280.8112,97.2496,292.84,1.009,84.8603
2013/5/2,2439.4,3296.0396,97.4122,286.66,1.009,84.9086
2013/5/3,2486.6,3359.597,97.4332,291.61,1.013,84.9391
2013/5/6,2509.2,3423.7147,97.3523,293.03,1.022,84.9459
2013/5/7,2525,3430.5534,97.4502,293.03,1.022,84.9468
2013/5/8,2542.8,3462.0886,97.3775,293.03,1.03,84.9493
2013/5/9,2520.8,3463.96,97.4063,293.03,1.029,84.9518
2013/5/10,2541.4,3484.9614,97.4598,293.03,1.03,84.9662
2013/5/13,2514.6,3498.0456,97.4348,293.03,1.025,84.9773
2013/5/14,2484.6,3457.6609,97.4397,284.88,1.019,84.9823
2013/5/15,2488,3504.2297,97.4259,284.88,1.026,84.9874
2013/5/16,2549,3541.8808,97.421,279.73,1.025,84.9925
2013/5/17,2576.6,3596.0881,97.3992,277.92,1.026,84.9984
2013/5/20,2593.8,3641.2403,97.4175,273.02,1.041,84.9984
2013/5/21,2599.6,3689.2781,97.4237,281.88,1.038,84.9773
2013/5/22,2602,3658.8983,97.4189,281.2,1.031,84.9959
2013/5/23,2570.8,3628.0704,97.4733,279.11,1.01,85.0374
2013/5/24,2588,3684.4189,97.4831,279.59,1.008,85.0433
2013/5/27,2573.6,3721.7846,97.5312,279.92,1.006,85.0637
2013/5/28,2633.2,3728.9497,97.5852,279.31,1.013,85.0671
2013/5/29,2627.2,3756.7499,97.4819,277.9,1.007,85.0738
2013/5/30,2625,3765.3373,97.4915,281.92,1.003,85.0738
2013/5/31,2600,3742.0388,97.4813,283.77,1.002,85.0891
2013/6/3,2597,3716.0204,97.4361,279.51,0.999,85.1052
2013/6/4,2562.6,3643.1653,97.3951,280.79,0.995,85.1094
2013/6/5,2553.8,3658.1911,97.3405,279.9,0.981,85.1162
2013/6/6,2534.8,3593.4938,97.2848,277.75,0.978,85.1247
2013/6/7,2476.4,3522.8404,96.9498,279.3,0.972,85.1391
2013/6/13,2383.6,3424.2923,97.0715,280.33,0.94,85.1357
2013/6/14,2395.6,3492.4148,96.9904,275.1,0.953,85.1569
2013/6/17,2396.2,3500.5911,96.9355,276.31,0.96,85.2069
2013/6/18,2405.2,3512.6583,96.837,275.84,0.96,85.2111
2013/6/19,2395,3490.7782,96.549,274.32,0.955,85.2119
2013/6/20,2329.8,3375.5385,95.7924,270.24,0.925,85.2009
2013/6/21,2315.6,3357.4957,95.8651,259.77,0.921,85.2238
2013/6/24,2133,3149.4878,96.0308,257.5,0.9,85.167
2013/6/25,2112.8,3136.0168,96.1474,259.05,0.907,85.1831
2013/6/26,2122.4,3200.9791,96.7208,252.9,0.918,85.206
2013/6/27,2119,3149.7411,96.9261,252.05,0.93,85.2238
2013/6/28,2168.6,3152.4259,97.0568,242.45,0.94,85.3034
2013/7/1,2163.4,3219.2673,97.0819,252,0.944,85.3475
2013/7/2,2161.4,3272.3231,97.0857,251.1,0.94,85.3619
2013/7/3,2146,3277.3217,97.1175,251.1,0.921,85.3805
2013/7/4,2171,3302.9465,97.1389,251.1,0.928,85.3933
2013/7/5,2173.6,3284.477,97.1557,251.1,0.943,85.4187
2013/7/8,2128.8,3156.8087,96.8375,251.1,0.93,85.4593
2013/7/9,2127.2,3175.741,96.7817,253.05,0.935,85.4729
2013/7/10,2204,3274.6047,96.5213,252.5,0.944,85.4898
2013/7/11,2321,3366.654,96.3704,252.5,0.969,85.4814
2013/7/12,2277,3336.6989,96.2206,252.5,0.964,85.5381
2013/7/15,2291.4,3403.2413,96.2616,252.5,0.96,85.5644
2013/7/16,2305,3445.0063,96.1626,258.3,0.966,85.5813
2013/7/17,2282.4,3395.0903,95.9974,259.85,0.964,85.5974
2013/7/18,2243.4,3391.3173,96.0291,255,0.966,85.6135
2013/7/19,2217,3306.6659,95.9936,258.8,0.964,85.6618
2013/7/22,2168,3371.9116,95.825,262.4,0.967,85.6771
2013/7/23,2243,3453.4359,95.5822,265.6,0.99,85.6872
2013/7/24,2232.4,3474.2016,95.2604,266.1,0.992,85.6923
2013/7/25,2209.8,3407.9183,95.4355,263.15,0.991,85.6906
2013/7/26,2192,3403.9407,95.542,266.35,0.99,85.7254
2013/7/29,2163.6,3338.1193,95.5036,263.65,0.985,85.7322
2013/7/30,2168.2,3323.1422,95.589,264.65,0.989,85.7398
2013/7/31,2165,3342.1621,95.6397,268.05,0.991,85.7627
2013/8/1,2244.2,3430.2368,95.7556,265.1,0.995,85.7745
2013/8/2,2240,3442.3722,95.8046,254.4,1.001,85.8177
2013/8/5,2265.8,3499.7796,95.699,262,1.003,85.8186
2013/8/6,2278.8,3537.3693,95.6593,258.6,0.99,85.8253
2013/8/7,2258.4,3503.462,95.439,256.5,0.978,85.8347
2013/8/8,2265.4,3512.7479,95.2382,257.05,0.975,85.8364
2013/8/9,2288.2,3525.309,95.1649,257.05,0.98,85.8652
2013/8/12,2348.4,3581.2766,95.0804,267,1.003,85.8719
2013/8/13,2354.6,3600.1338,94.7824,268.1,1.015,85.8847
2013/8/14,2349,3586.0374,94.5398,268.1,1.01,85.8931
2013/8/15,2324.2,3537.5613,94.5336,268.1,1.013,85.9177
2013/8/16,2330,3462.5757,94.5495,272.35,1.01,85.9338
2013/8/19,2329.4,3515.8439,94.4273,274.5,1.014,85.9448
2013/8/20,2308.6,3506.6953,94.1558,271.15,0.993,85.955
2013/8/21,2314,3533.8399,94.3296,273.55,0.984,85.9685
2013/8/22,2309,3542.5763,94.3221,272.1,0.98,85.9872
2013/8/23,2279.2,3534.2968,94.5307,275.2,0.987,86.01
2013/8/26,2340,3607.9672,94.672,279.25,0.995,86.0117
2013/8/27,2338.4,3635.7362,94.6889,278.1,0.986,86.0253
2013/8/28,2322.8,3608.2858,94.4909,284.25,0.972,86.0473
2013/8/29,2314.8,3605.522,94.4389,281.55,0.977,86.0694
2013/8/30,2302.2,3569.5407,94.4441,279,0.977,86.0846
2013/9/2,2329.2,3594.6852,94.4472,279,0.995,86.1058
2013/9/3,2349,3648.1794,94.4494,279,1.009,86.1134
2013/9/4,2342.6,3658.2797,94.3172,279,1.01,86.127
2013/9/5,2341.8,3665.4205,94.369,275,1.022,86.1304
2013/9/6,2355.2,3694.9021,94.17,272.5,1.023,86.1541
2013/9/9,2434.8,3732.9877,93.906,272.1,1.026,86.1786
2013/9/10,2472.6,3770.9768,93.842,272,1.034,86.1795
2013/9/11,2480.8,3735.2585,93.598,264,1.033,86.1897
2013/9/12,2503.4,3745.7894,93.728,268.05,1.035,86.1888
2013/9/13,2497.2,3750.4187,93.764,268.05,1.033,86.2176
2013/9/16,2479.4,3754.6924,93.854,268.05,1.047,86.2354
2013/9/17,2440.4,3688.531,94.234,261.2,1.045,86.249
2013/9/18,2432.2,3723.4368,94.206,261.35,1.047,86.2905
2013/9/23,2463.6,3798.9377,94.35,262.2,1.052,86.299
2013/9/24,2448.4,3802.7302,94.34,262.6,1.045,86.293
2013/9/25,2434.8,3788.8024,94.42,261.35,1.046,86.2981
2013/9/26,2391,3709.8889,94.572,263.8,1.045,86.321
2013/9/27,2398.4,3724.0554,94.346,258.4,1.053,86.3506
2013/9/30,2409.6,3772.8959,94.462,263.05,1.035,86.443
2013/10/8,2440,3836.3881,94.412,256.7,1.043,86.465
2013/10/9,2457,3878.2681,94.362,258.5,1.037,86.4904
2013/10/10,2429,3857.3934,94.35,258.5,1.03,86.5031
2013/10/11,2466,3922.9421,94.29,258.5,1.048,86.5328
2013/10/14,2468.8,3963.2771,94.118,258.5,1.04,86.5497
2013/10/15,2461.4,3968.8913,93.948,258.5,1.048,86.5658
2013/10/16,2426.4,3860.8829,94.012,255.5,1.04,86.5879
2013/10/17,2411,3854.7972,93.926,254,1.042,86.5811
2013/10/18,2428.4,3868.1201,93.886,263.2,1.045,86.6133
2013/10/21,2466.4,3963.9717,93.858,261.85,1.051,86.6268
2013/10/22,2446,3922.5524,93.772,261.9,1.047,86.6472
2013/10/23,2418.8,3822.8967,93.812,263.8,1.037,86.6599
2013/10/24,2405.4,3797.5067,93.6,264.3,1.023,86.6633
2013/10/25,2360.6,3723.1017,93.688,264.15,1.018,86.6844
2013/10/28,2363.6,3710.3633,93.67,264.95,1.025,86.6844
2013/10/29,2368.2,3608.2273,93.504,265.85,1.028,86.6802
2013/10/30,2391.8,3667.2558,93.54,263.25,1.037,86.6878
2013/10/31,2381,3617.9389,93.74,262.8,1.044,86.7022
2013/11/1,2391.4,3606.8489,93.836,261.75,1.048,86.7421
2013/11/4,2384,3631.9272,93.632,260.8,1.046,86.7649
2013/11/5,2381.4,3679.8724,93.474,260.8,1.04,86.7717
2013/11/6,2350.8,3640.6149,93.362,260.8,1.037,86.7836
2013/11/7,2349.4,3589.8933,92.828,259.15,1.031,86.7954
2013/11/8,2311.2,3536.2159,92.292,257.5,1.021,86.8209
2013/11/11,2319.2,3551.7054,91.73,253.75,1.029,86.8403
2013/11/12,2332.6,3585.5055,92.096,251,1.032,86.8488
2013/11/13,2294.4,3518.5053,91.82,251.55,1.012,86.8598
2013/11/14,2301.4,3565.3342,91.63,251.55,1.017,86.8708
2013/11/15,2359.8,3639.9778,91.318,251.55,1.033,86.8954
2013/11/18,2415.6,3729.0471,91.342,255.05,1.062,86.9124
2013/11/19,2415.2,3741.2078,90.94,252.6,1.061,86.9242
2013/11/20,2430.2,3778.44,91.092,253.25,1.064,86.9352
2013/11/21,2414.6,3765.6061,91.396,248.7,1.06,86.9488
2013/11/22,2407.2,3743.5371,91.604,248.3,1.063,86.9734
2013/11/25,2390.2,3740.4645,91.308,245.65,1.064,86.992
2013/11/26,2391,3746.3817,91.374,248.95,1.063,87.0022
2013/11/27,2422.4,3789.3226,91.766,247.15,1.069,87.0132
2013/11/28,2448.6,3821.3838,91.888,245.55,1.075,87.025
2013/11/29,2457,3844.4884,91.782,244.75,1.07,87.0471
2013/12/2,2433.4,3673.5023,91.282,246.15,1.075,87.0682
2013/12/3,2451.6,3760.292,91.722,242.05,1.075,87.0818
2013/12/4,2482.2,3831.449,91.622,241.35,1.065,87.0937
2013/12/5,2483.8,3827.2854,91.368,243.75,1.061,87.1055
2013/12/6,2467,3817.6011,91.4,241.6,1.063,87.1276
2013/12/9,2461.4,3845.7753,91.378,241.05,1.063,87.1504
2013/12/10,2462,3848.4855,90.996,243.75,1.06,87.1614
2013/12/11,2421,3805.908,90.8,245.45,1.045,87.1725
2013/12/12,2412.6,3815.8271,90.9,244,1.038,87.1843
2013/12/13,2414.2,3824.0803,90.31,239.8,1.038,87.2089
2013/12/16,2365.6,3758.1098,91.452,240.5,1.033,87.2258
2013/12/17,2357.8,3735.0334,91.59,244.45,1.032,87.2385
2013/12/18,2368.2,3735.051,91.436,242.5,1.031,87.2513
2013/12/19,2341,3697.0365,91.374,240.35,1.029,87.2597
2013/12/20,2289.2,3650.2554,91.386,235.8,1.017,87.2851
2013/12/23,2306,3646.1015,91.702,237.65,1.022,87.3055
2013/12/24,2305.4,3671.3961,91.65,237,1.032,87.319
2013/12/25,2319,3710.1198,91.792,238.45,1.033,87.3351
2013/12/26,2294,3646.4853,91.67,238.3,1.026,87.3444
2013/12/27,2326.8,3702.639,91.56,240.05,1.037,87.3029
2013/12/30,2324.2,3714.5523,91.798,238.2,1.033,87.3944
2013/12/31,2345,3730.2298,91.802,239.5,1.036,87.4122
2014/1/2,2331.8,3748.5278,91.35,240.4,1.033,87.4249
2014/1/3,2302.4,3717.7797,91.306,242,1.015,87.5139
2014/1/6,2240.8,3615.0836,91.22,244.35,1.005,87.5258
2014/1/7,2238.4,3637.2598,91.44,244,1.005,87.563
2014/1/8,2241.2,3641.6855,91.696,240.1,1.019,87.5554
2014/1/9,2223.6,3600.5927,91.502,239.05,1.014,87.5664
2014/1/10,2218,3534.9436,91.542,241.05,1.014,87.5893
2014/1/13,2204.4,3518.7586,91.466,244,1.012,87.6113
2014/1/14,2217.6,3588.4261,91.482,244.5,1.009,87.6367
2014/1/15,2211.6,3612.3988,91.816,244.5,1.012,87.6495
2014/1/16,2211.2,3618.4114,91.64,242.85,1.018,87.685
2014/1/17,2182.8,3577.1071,91.63,244.25,1.023,87.6815
2014/1/20,2184.6,3550.0347,91.782,243.4,1.015,87.6535
2014/1/21,2206.4,3604.5722,92.09,244.6,1.021,87.6728
2014/1/22,2254.6,3700.9517,92.222,242.85,1.021,87.7209
2014/1/23,2244.2,3726.713,92.076,242.2,1.008,87.7567
2014/1/24,2251.8,3782.4185,92.198,245.7,1.001,87.7926
2014/1/27,2227,3781.7162,92.512,247.6,0.978,87.8057
2014/1/28,2230.8,3773.7893,92.334,245.9,0.978,87.8249
2014/1/29,2240,3807.5349,92.402,244.8,0.987,87.9412
2014/1/30,2199.2,3785.0956,92.254,250.9,0.98,88.0785
2014/2/7,2214.6,3855.485,92.514,249.35,0.964,88.0383
2014/2/10,2260.4,3969.4241,92.33,250,0.964,88.0225
2014/2/11,2277.4,3975.0237,92.526,249,0.979,88.0234
2014/2/12,2284,4018.895,92.448,252,0.988,88.0514
2014/2/13,2273.4,3959.4807,92.584,255.25,0.986,88.075
2014/2/14,2288.4,4027.4171,92.536,255.25,0.99,88.172
2014/2/17,2305.4,4103.973,92.264,255.25,1.003,88.235
2014/2/18,2280.4,4099.0573,91.918,258.35,1.003,88.2761
2014/2/19,2304.2,4099.3447,91.832,259.1,1.009,88.2201
2014/2/20,2284,4041.9431,91.892,257.5,0.997,88.1668
2014/2/21,2261.2,4015.4902,91.95,258.65,1.005,88.2009
2014/2/24,2206.2,3999.7815,92.08,260.05,0.999,88.2035
2014/2/25,2145.6,3859.1557,92.45,261.25,1.005,88.2192
2014/2/26,2149,3884.5243,92.266,265.45,1.009,88.2315
2014/2/27,2148.2,3833.1334,92.61,261.35,1.021,88.2341
2014/2/28,2174,3873.2716,92.59,263.3,1.031,88.2542
2014/3/3,2163.8,3954.0019,92.478,262.25,1.018,88.2901
2014/3/4,2169.8,3954.7501,92,261.1,1.02,88.3294
2014/3/5,2149.6,3933.5295,91.948,261.1,1.012,88.3478
2014/3/6,2167.4,3928.6313,92.134,263,1.017,88.3495
2014/3/7,2141.2,3908.8467,92.078,263.75,1.015,88.3862
2014/3/10,2062.8,3760.5735,92.2,262.95,1.001,88.3924
2014/3/11,2088.6,3764.4858,92.206,262.95,1.002,88.4011
2014/3/12,2085.8,3765.8516,92.288,265,0.99,88.3924
2014/3/13,2105.4,3806.2645,92.38,265,0.986,88.3801
2014/3/14,2100,3788.5627,92.98,265,0.976,88.3994
2014/3/17,2137.4,3864.7192,92.83,268,0.975,88.4125
2014/3/18,2114.4,3886.2009,92.6,268.7,0.983,88.4265
2014/3/19,2123.2,3877.8931,92.62,271.05,0.985,88.43
2014/3/20,2081.6,3776.4858,92.628,265.2,0.972,88.4335
2014/3/21,2143.6,3850.3423,92.654,265.5,0.982,88.4562
2014/3/24,2150.8,3882.9471,92.616,264.05,0.996,88.4571
2014/3/25,2152.6,3888.0937,92.648,261.75,0.991,88.4571
2014/3/26,2153,3898.1843,92.566,262.05,1,88.478
2014/3/27,2134.8,3842.2098,92.536,262.9,0.995,88.4632
2014/3/28,2145,3765.4941,92.53,259.4,1.006,88.4579
2014/3/31,2143.4,3741.3744,92.546,259.5,1.008,88.527
2014/4/1,2158.4,3798.8043,92.408,260.15,1.017,88.5611
2014/4/2,2175,3801.2933,92.164,260.15,1.021,88.5751
2014/4/3,2159.6,3795.6791,91.978,258.95,1.027,88.5882
2014/4/4,2188,3837.5192,92.02,258.95,1.025,88.6372
2014/4/8,2247.2,3878.8205,92.03,257,1.027,88.6346
2014/4/9,2236.2,3914.7892,92.1,259.8,1.031,88.6398
2014/4/10,2285,3934.5582,92.258,259.8,1.048,88.6555
2014/4/11,2272,3917.3678,92.384,259.8,1.047,88.6984
2014/4/14,2272.4,3946.7257,92.566,259.8,1.046,88.6993
2014/4/15,2236.8,3918.0615,92.52,259.8,1.037,88.7045
2014/4/16,2233,3916.0907,92.47,259.95,1.035,88.7167
2014/4/17,2229,3911.2753,92.646,259.75,1.035,88.7211
2014/4/18,2221.4,3925.2275,92.746,258.25,1.038,88.7447
2014/4/21,2179.8,3862.9531,92.698,256.05,1.033,88.757
2014/4/22,2188.6,3845.2542,92.518,258.45,1.036,88.771
2014/4/23,2185,3827.7179,92.566,257.2,1.028,88.7806
2014/4/24,2183.2,3784.5062,92.512,257,1.028,88.7884
2014/4/25,2172.4,3702.5484,92.552,258.7,1.018,88.8252
2014/4/28,2143.6,3589.4578,92.558,261.7,1.009,88.7806
2014/4/29,2160.8,3642.3879,92.716,260.25,1.015,88.8016
2014/4/30,2147,3668.9285,92.824,262.45,1.017,88.8872
2014/5/5,2156.6,3700.2172,92.81,261.05,1.006,88.896
2014/5/6,2144.8,3719.4008,92.964,261.05,1.003,88.9108
2014/5/7,2136,3653.1419,92.992,262,0.994,88.9283
2014/5/8,2137.4,3657.0834,93.05,262,1,88.9414
2014/5/9,2138,3620.0753,93.326,262,1,88.9712
2014/5/12,2178.8,3714.3136,93.282,262,1.02,88.9729
2014/5/13,2166.6,3708.5971,93.15,262,1.024,88.9817
2014/5/14,2165.6,3705.5898,93.014,262,1.034,88.9904
2014/5/15,2147.4,3635.9691,92.9,262,1.033,89.0053
2014/5/16,2142.2,3630.4347,92.948,260.2,1.036,89.0289
2014/5/19,2099.6,3609.6925,92.952,260.55,1.038,89.0385
2014/5/20,2099.4,3619.7714,92.972,259.4,1.045,89.0437
2014/5/21,2119.2,3650.5788,93.062,259.75,1.048,89.0525
2014/5/22,2114.2,3649.4157,93.1,260,1.053,89.0691
2014/5/23,2143.2,3688.795,93.1,260.05,1.056,89.0892
2014/5/26,2148.2,3728.6623,93.12,259.65,1.053,89.0918
2014/5/27,2142.2,3719.7339,93.26,258.8,1.054,89.1111
2014/5/28,2173.8,3761.8828,93.694,255.95,1.067,89.1198
2014/5/29,2153.4,3723.1874,93.788,253,1.064,89.1163
2014/5/30,2147.8,3730.3681,94.168,253.65,1.058,89.1653
2014/6/3,2139.2,3724.0145,94.198,251.4,1.07,89.1845
2014/6/4,2125.2,3691.4554,94.636,251.9,1.066,89.2029
2014/6/5,2149.6,3733.1124,94.078,251.8,1.07,89.2291
2014/6/6,2125.6,3719.7447,94,253.8,1.067,89.2886
2014/6/9,2128.2,3699.3804,94.08,252.65,1.066,89.3253
2014/6/10,2157.6,3740.8707,94.118,251.8,1.07,89.3209
2014/6/11,2151.2,3758.4372,94.066,253.05,1.071,89.3008
2014/6/12,2150.4,3750.7041,94.1,252.6,1.067,89.2859
2014/6/13,2177.2,3791.078,94.724,253.05,1.074,89.2964
2014/6/16,2186.6,3813.8972,94.69,255,1.074,89.2588
2014/6/17,2173,3779.1804,94.52,255.15,1.071,89.2107
2014/6/18,2164.2,3758.4839,94.52,254.65,1.074,89.1259
2014/6/19,2135.6,3658.723,94.5,255.8,1.071,89.334
2014/6/20,2130,3691.5022,94.544,262.75,1.075,89.3804
2014/6/23,2123.2,3717.354,94.524,261.55,1.063,89.3769
2014/6/24,2132.2,3740.0758,94.518,261.8,1.06,89.4232
2014/6/25,2126,3715.5528,94.468,265.55,1.062,89.4451
2014/6/26,2135.6,3762.2355,94.49,262.5,1.069,89.4634
2014/6/27,2142.4,3788.9017,94.506,262.5,1.072,89.4556
2014/6/30,2154.2,3823.5631,94.428,265,1.062,89.4967
2014/7/1,2156.2,3849.6935,93.98,263.5,1.071,89.5115
2014/7/2,2163.2,3876.5653,93.816,263.5,1.09,89.5439
2014/7/3,2167.4,3915.8608,93.562,263.5,1.093,89.5832
2014/7/4,2166.6,3901.1643,93.766,255.05,1.095,89.5998
2014/7/7,2163.2,3910.835,93.67,259.9,1.09,89.5981
2014/7/8,2167,3935.4028,93.692,260.05,1.09,89.5893
2014/7/9,2132.2,3879.5794,93.65,260.05,1.076,89.571
2014/7/10,2133.2,3879.3787,93.706,260.05,1.077,89.5552
2014/7/11,2138,3925.7039,93.786,260.05,1.075,89.6051
2014/7/14,2162.4,3985.1786,93.596,260.05,1.084,89.6234
2014/7/15,2163,3987.4299,93.402,260.05,1.089,89.6523
2014/7/16,2163.4,3957.2362,93.18,259.4,1.087,89.6689
2014/7/17,2155.8,3927.3493,92.904,260.3,1.089,89.6794
2014/7/18,2167.4,3938.1442,93,262.35,1.085,89.6995
2014/7/21,2157.4,3926.1822,93.058,261.15,1.086,89.6724
2014/7/22,2186.4,3977.8586,93.036,261,1.095,89.6864
2014/7/23,2190.6,3952.3594,92.94,261.1,1.105,89.6943
2014/7/24,2240.4,3949.544,92.984,259.55,1.116,89.7214
2014/7/25,2274.6,3984.2034,93.27,257.75,1.122,89.7703
2014/7/28,2336.4,4060.7467,93.072,259.6,1.132,89.7948
2014/7/29,2335.4,4099.2161,93.04,259.75,1.131,89.8053
2014/7/30,2328.8,4106.0101,93.032,257.4,1.146,89.8132
2014/7/31,2370.8,4147.1292,93.158,257.5,1.144,89.8446
2014/8/1,2342.6,4101.5123,93.312,256,1.136,89.8717
2014/8/4,2386.4,4168.3683,93.266,256,1.139,89.8849
2014/8/5,2368,4189.092,93.2,256,1.133,89.8936
2014/8/6,2362,4216.8377,93.06,256,1.131,89.8892
2014/8/7,2334.4,4175.4243,93.036,256,1.129,89.9076
2014/8/8,2338.6,4200.3701,92.99,260,1.123,89.919
2014/8/11,2360,4264.0046,92.97,260,1.132,89.9128
2014/8/12,2365.8,4286.2042,92.696,258,1.134,89.9198
2014/8/13,2358.8,4288.1555,93.008,258.05,1.138,89.9303
2014/8/14,2335.6,4260.5813,93.17,258.05,1.147,89.9382
2014/8/15,2360.2,4309.4189,93.33,258.05,1.156,89.9671
2014/8/18,2376.2,4367.7801,93.2,256.95,1.155,89.981
2014/8/19,2374.4,4380.8283,93.064,260.55,1.156,90.0011
2014/8/20,2364.4,4381.2774,93.168,258.7,1.163,90.009
2014/8/21,2354.8,4379.3689,93.172,257.3,1.158,90.0169
2014/8/22,2372.2,4405.0016,93.238,257.3,1.167,90.0274
2014/8/25,2348,4371.2852,93.168,252.1,1.161,90.0134
2014/8/26,2337.6,4293.7853,93.342,254,1.162,90.0055
2014/8/27,2336,4307.0575,93.464,257.35,1.153,90.0274
2014/8/28,2330.6,4268.365,93.4,257.75,1.141,89.995
2014/8/29,2351.6,4313.5523,93.386,258,1.136,90.0868
2014/9/1,2349.6,4391.0611,93.332,261.45,1.143,90.1113
2014/9/2,2389.4,4457.9658,93.244,261.45,1.149,90.1463
2014/9/3,2411.6,4489.5653,93.046,261.45,1.167,90.1533
2014/9/4,2445.6,4527.8788,92.968,261.45,1.167,90.1524
2014/9/5,2470.2,4545.9869,92.9,261.45,1.165,90.1498
2014/9/9,2457.6,4580.3024,92.928,261.45,1.162,90.1542
2014/9/10,2441.4,4588.3004,92.81,261.45,1.142,90.1638
2014/9/11,2418,4583.4617,93.114,261.45,1.137,90.2031
2014/9/12,2439.2,4634.1258,93.066,261.45,1.141,90.2224
2014/9/15,2433,4683.4252,93.58,261.45,1.131,90.2355
2014/9/16,2394.2,4525.5992,93.58,244.8,1.121,90.2635
2014/9/17,2402,4565.0545,93.694,245.6,1.132,90.2573
2014/9/18,2405.8,4597.1654,94.306,245.6,1.121,90.2958
2014/9/19,2419.4,4635.8579,94.702,242.55,1.134,90.3063
2014/9/22,2389.2,4573.0253,94.714,242.25,1.116,90.3098
2014/9/23,2403.8,4631.7128,94.426,242.25,1.115,90.3133
2014/9/24,2468.4,4691.3697,94.406,242.25,1.113,90.2958
2014/9/25,2454.6,4690.4198,94.594,240.4,1.108,90.308
2014/9/26,2450.8,4705.2274,94.448,242.5,1.102,90.3867
2014/9/29,2455.2,4751.5009,94.698,240.7,1.093,90.5546
2014/9/30,2453.2,4789.1861,94.752,240.25,1.095,90.9052
2014/10/8,2483.6,4864.5994,94.544,239,1.102,90.6289
2014/10/9,2475,4874.799,94.5,239,1.128,90.7015
2014/10/10,2469.8,4853.2229,94.488,239,1.102,90.5231
2014/10/13,2454.4,4854.0295,94.65,236.95,1.078,90.5389
2014/10/14,2438.6,4837.8601,95.222,236.95,1.08,90.5581
2014/10/15,2455,4858.9257,95.29,236.95,1.095,90.566
2014/10/16,2446.6,4779.5661,95.438,241.3,1.075,90.5861
2014/10/17,2438,4735.2292,95.656,246.45,1.074,90.5974
2014/10/20,2453.8,4801.8904,95.996,246.15,1.076,90.5983
2014/10/21,2439.4,4757.9198,95.7,247,1.07,90.6001
2014/10/22,2428.6,4701.0131,95.444,244.85,1.085,90.6062
2014/10/23,2405.6,4632.4522,95.492,244.65,1.083,90.6132
2014/10/24,2396.6,4651.3854,95.632,248.55,1.077,90.6246
2014/10/27,2381,4685.3375,95.53,243.15,1.068,90.6595
2014/10/28,2425.8,4797.794,95.828,242.9,1.084,90.6954
2014/10/29,2457.6,4862.8692,95.76,242.9,1.098,90.7207
2014/10/30,2469.6,4863.7216,95.432,242.9,1.093,90.7181
2014/10/31,2523.2,4857.6681,95.534,242.9,1.111,90.7207
2014/11/3,2511.2,4898.8584,95.91,242.9,1.105,90.7338
2014/11/4,2511,4874.2817,96.334,242.9,1.102,90.7487
2014/11/5,2515.2,4866.462,96.6,242.9,1.085,90.754
2014/11/6,2517.2,4895.1078,96.508,242.9,1.091,90.7653
2014/11/7,2496.4,4848.7436,96.98,242.9,1.088,90.7758
2014/11/10,2564.8,4901.1019,97.114,242.9,1.108,90.7881
2014/11/11,2549.4,4755.4415,96.798,242.9,1.103,90.8038
2014/11/12,2584.2,4837.1791,96.654,242.9,1.112,90.8143
2014/11/13,2570.8,4794.5948,96.48,242.9,1.12,90.823
2014/11/14,2578.2,4782.8442,96.23,242.9,1.139,90.8466
2014/11/17,2567,4830.4397,95.806,242.9,1.121,90.8466
2014/11/18,2545,4839.3876,96.404,235,1.096,90.8475
2014/11/19,2533.6,4856.387,96.222,235.8,1.084,90.8484
2014/11/20,2543.4,4846.1825,96.026,233.6,1.084,90.8589
2014/11/21,2566,4899.9056,96.274,235.9,1.088,90.8195
2014/11/24,2674.4,4980.1255,96.98,237.5,1.099,90.6438
2014/11/25,2724.4,5055.0224,96.672,237.5,1.096,90.7443
2014/11/26,2745.6,5079.5805,97.138,237.45,1.105,90.8886
2014/11/27,2754.8,5115.7995,97.02,236.5,1.103,90.9664
2014/11/28,2826,5109.8356,96.9,235.25,1.105,91.0066
2014/12/1,2809.2,5073.6662,97.05,228.55,1.083,90.9927
2014/12/2,2936,5141.3893,96.76,238.7,1.097,91.0101
2014/12/3,2996.2,5201.1533,95.888,237.5,1.089,91.0302
2014/12/4,3195.8,5311.1938,95.366,238.4,1.103,91.0136
2014/12/5,3183,5196.1723,95.1,238.05,1.114,91.0399
2014/12/8,3327.2,5272.9202,94.684,235.8,1.124,91.046
2014/12/9,3143,5061.262,95.088,238.7,1.101,91.0678
2014/12/10,3229.6,5235.3393,95.05,243.15,1.1,91.0845
2014/12/11,3207.8,5313.6107,94.6,240.55,1.096,91.0949
2014/12/12,3215.8,5351.367,95.12,240.55,1.097,91.1028
2014/12/15,3244,5439.43,95.756,240.05,1.094,91.1037
2014/12/16,3322.8,5461.9297,96.006,238.75,1.09,91.0792
2014/12/17,3363.6,5413.7984,96.396,238.5,1.076,91.0233
2014/12/18,3361.8,5414.5378,96.438,240.1,1.077,91.0836
2014/12/19,3352.2,5381.4906,96.522,240.8,1.082,91.1701
2014/12/22,3399.4,5168.2299,96.406,240.55,1.095,91.1841
2014/12/23,3313,5059.6215,96.726,236.7,1.093,91.2112
2014/12/24,3259,5126.4921,96.876,237.15,1.085,91.3162
2014/12/25,3381,5226.0514,96.68,236.25,1.082,91.324
2014/12/26,3483,5282.737,96.878,237.25,1.091,91.2689
2014/12/29,3474.6,5229.046,96.838,239.45,1.109,91.2681
2014/12/30,3482.6,5138.8837,96.472,238.65,1.091,91.2847
2014/12/31,3593.2,5185.2829,96.772,242.2,1.099,91.3931
2015/1/5,3671.4,5277.1511,96.718,236.2,1.126,91.3102
2015/1/6,3656.8,5338.3754,96.536,239.15,1.109,91.3211
2015/1/7,3663.2,5346.5371,96.588,239.15,1.117,91.3257
2015/1/8,3562,5303.4734,96.68,242.5,1.119,91.3467
2015/1/9,3528,5269.3976,96.684,242,1.122,91.3448
2015/1/12,3537.6,5194.5445,96.7,245.55,1.13,91.3448
2015/1/13,3529.6,5265.533,97.084,249.3,1.139,91.3631
2015/1/14,3504.2,5240.8346,97.178,249.3,1.129,91.3877
2015/1/15,3625,5308.3453,97.11,249.3,1.14,91.4086
2015/1/16,3641.2,5377.5949,97.45,251.9,1.149,91.4451
2015/1/19,3316.2,5145.5179,97.342,256,1.128,91.4879
2015/1/20,3394.4,5331.2151,97.51,255.95,1.123,91.5973
2015/1/21,3546,5466.8016,97.448,260.05,1.138,91.5617
2015/1/22,3561.2,5543.2377,97.688,256.55,1.151,91.5152
2015/1/23,3597,5487.839,97.608,259.35,1.166,91.518
2015/1/26,3626.8,5610.2837,97.8,260,1.168,91.5244
2015/1/27,3574.6,5624.7376,97.564,257.2,1.16,91.5362
2015/1/28,3523.6,5591.7158,97.598,259.65,1.16,91.5471
2015/1/29,3493.6,5554.0014,97.246,258,1.147,91.5608
2015/1/30,3429.2,5487.2925,97.298,252.45,1.15,91.5326
2015/2/2,3397,5464.5561,97.692,255.85,1.14,91.5526
2015/2/3,3455.4,5560.1105,97.716,255.85,1.15,91.5872
2015/2/4,3392,5536.7721,97.63,254,1.155,91.6237
2015/2/5,3355.2,5508.2266,97.556,251.05,1.151,91.6383
2015/2/6,3344.6,5391.8783,97.692,257,1.146,91.6437
2015/2/9,3376.2,5362.837,97.754,257,1.142,91.6355
2015/2/10,3437.4,5436.6117,97.924,257,1.145,91.62
2015/2/11,3447,5496.1166,98.326,249.2,1.137,91.6328
2015/2/12,3455.8,5534.6503,98.446,249.2,1.137,91.7066
2015/2/13,3466,5620.3109,98.432,249.2,1.15,91.8378
2015/2/16,3506.8,5718.1586,98.552,249.2,1.155,91.9326
2015/2/17,3519,5758.475,98.786,247.85,1.158,91.8506
2015/2/25,3493.2,5754.0328,98.8,245.1,1.156,91.8506
2015/2/26,3612.6,5815.4246,98.62,244.6,1.164,91.8588
2015/2/27,3587.2,5863.0679,98.394,244.6,1.163,91.8642
2015/3/2,3606.2,5981.2642,97.984,244.6,1.158,91.887
2015/3/3,3539.6,5960.6739,97.818,244.6,1.154,91.8943
2015/3/4,3533.2,6050.0696,97.832,244.6,1.154,91.9053
2015/3/5,3506.6,6048.6736,97.476,244.6,1.136,91.9153
2015/3/6,3490.2,5974.6729,97.83,244.6,1.134,91.9226
2015/3/9,3564.4,6051.8377,97.596,244.6,1.137,91.9253
2015/3/10,3527.8,6114.4278,97.842,244.6,1.125,91.9499
2015/3/11,3542.2,6101.1858,98.718,244.6,1.119,91.9454
2015/3/12,3592,6098.5019,97.554,244.6,1.121,91.9772
2015/3/13,3622.8,6166.148,97.538,244.6,1.124,92.0447
2015/3/16,3713.8,6348.5039,98.106,244.6,1.129,92.1121
2015/3/17,3765,6447.1776,98.32,234.85,1.132,92.1376
2015/3/18,3813,6554.3511,97.825,233.35,1.14,92.123
2015/3/19,3829.8,6607.3416,98.035,236.25,1.142,92.1121
2015/3/20,3886.6,6674.0087,98.17,235,1.14,92.1258
2015/3/23,3994.2,6835.973,97.99,238.35,1.143,92.1367
2015/3/24,3963.6,6864.194,97.94,239.75,1.139,92.1449
2015/3/25,3951.8,6940.9097,97.935,239.45,1.143,92.1622
2015/3/26,3934,6891.7769,97.405,240.65,1.141,92.1713
2015/3/27,3985.6,6971.1804,97.655,240.8,1.139,92.1959
2015/3/30,4140.6,7058.4202,97.15,238.7,1.193,92.195
2015/3/31,4035.8,7065.8308,96.9,237,1.192,92.1969
2015/4/1,4122.8,7234.0026,97.305,237.1,1.184,92.2205
2015/4/2,4106.2,7365.4341,97.39,240,1.195,92.2433
2015/4/3,4206,7480.74,97,240,1.315,92.2761
2015/4/7,4239.8,7660.2561,96.805,240,1.447,92.2843
2015/4/8,4247.6,7606.3966,96.32,240,1.302,92.3035
2015/4/9,4226.2,7546.1474,96.55,240,1.322,92.3135
2015/4/10,4377,7746.8656,96.45,240,1.352,92.3126
2015/4/13,4421,7913.1621,96.905,240,1.339,92.2761
2015/4/14,4416.6,7910.3038,96.75,238.5,1.281,92.3007
2015/4/15,4382.4,7601.2822,97.175,238.5,1.279,92.329
2015/4/16,4521.2,7707.8,97.25,240,1.28,92.3709
2015/4/17,4599.2,7758.2,97.295,239.55,1.277,92.4493
2015/4/20,4516.4,7622.2,98.075,241.4,1.234,92.5559
2015/4/21,4618.8,8140.4,98.09,239.7,1.265,92.5978
2015/4/22,4761,8189.8,98.2,240.5,1.286,92.5112
2015/4/23,4716,8265.6,98.15,237.9,1.289,92.4885
2015/4/24,4722,8327.2,97.845,239.05,1.281,92.4957
2015/4/27,4804,8347.2,98.405,237.45,1.329,92.4985
2015/4/28,4721,8147,98.38,240.45,1.318,92.5058
2015/4/29,4771,8302.2,98.39,240.7,1.333,92.514
2015/4/30,4767.8,8338.8,98.46,236.25,1.317,92.5222
2015/5/4,4757.6,8347.2,98.145,239.65,1.306,92.4957
2015/5/5,4618,8145,98.015,239.65,1.276,92.4976
2015/5/6,4582,8040.8,97.29,239.65,1.27,92.5513
2015/5/7,4503.2,7911.4,97.245,237.9,1.26,92.5276
2015/5/8,4541.4,8171.2,97.63,237.9,1.273,92.6124
2015/5/11,4658,8489.8,97.665,237.9,1.287,92.6406
2015/5/12,4704,8647.8,97.42,237.9,1.279,92.6461
2015/5/13,4674.2,8695.8,97.445,237.9,1.255,92.6197
2015/5/14,4691,8760.4,97.48,242.05,1.255,92.6288
2015/5/15,4634.6,8755.2,97.83,242.05,1.29,92.6397
2015/5/18,4536.8,8798.4,97.71,245.4,1.272,92.6306
2015/5/19,4774,9120.8,97.28,244,1.281,92.6443
2015/5/20,4775,9286.8,97.55,240.75,1.271,92.6333
2015/5/21,4891.8,9734.6,97.455,241.6,1.271,92.6816
2015/5/22,5022.8,9741.2,97.475,241.3,1.295,92.74
2015/5/25,5156.4,9966.6,97.18,241,1.354,92.7363
2015/5/26,5274.2,10532.2,96.3,239,1.318,92.7345
2015/5/27,5290,10552,96.325,238.05,1.313,92.7354
2015/5/28,4943.2,9977.2,95.79,237.4,1.263,92.739
2015/5/29,4897,10121,95.655,236.3,1.277,92.7354
2015/6/1,5249,11025.6,95.51,236.05,1.287,92.7363
2015/6/2,5264.2,11250.4,96.16,235.5,1.269,92.729
2015/6/3,5182.6,11103.2,96.48,236.35,1.277,92.7782
2015/6/4,5250.4,10869.2,96.68,234.35,1.282,92.8721
2015/6/5,5230.4,10949,96.69,234.3,1.279,92.9022
2015/6/8,5335.4,10602.6,96.775,232.85,1.282,92.8812
2015/6/9,5250.4,10700.4,96.83,234,1.269,92.8766
2015/6/10,5252.8,10987.8,96.625,234.7,1.268,92.8639
2015/6/11,5299.6,11258.8,96.655,235.8,1.255,92.8648
2015/6/12,5361.6,11427.8,97.1,235.05,1.262,92.8529
2015/6/15,5199.8,11228.6,95.595,234.5,1.252,92.8675
2015/6/16,5069.2,10839,96.27,237.55,1.24,92.8848
2015/6/17,5113.8,11033.4,96.16,234.35,1.253,92.9131
2015/6/18,4934,10672.6,96.515,237.4,1.221,92.9158
2015/6/19,4768,10210,96.245,239,1.231,92.9505
2015/6/23,4730.8,9862.6,96.105,237.85,1.275,92.965
2015/6/24,4858.2,10058,96.12,235.95,1.285,93.0106
2015/6/25,4587.2,9381.6,96,235.3,1.268,93.0097
2015/6/26,4212.4,8629,95.95,235,1.248,93.0133
2015/6/29,4014.2,7768.4,95.725,236.7,1.216,93.006
2015/6/30,4381.4,8346,95.96,234.05,1.254,92.9997
2015/7/1,4059,7509.4,95.725,233,1.206,93.0197
2015/7/2,4130,7667.8,95.72,231.75,1.235,93.0252
2015/7/3,3931.8,7404.8,96.295,231.75,1.227,93.0416
2015/7/6,4040.6,7440,97.015,231.75,1.164,93.1045
2015/7/7,3696.8,6516.2,97.17,235,1.172,93.1792
2015/7/8,3463.4,5956.6,96.47,223.2,1.055,93.1136
2015/7/9,3810,6552.2,97.075,230.95,1.145,93.1245
2015/7/10,4166.6,7207.4,96.905,230.5,1.152,93.1391
2015/7/13,4085.4,7569.6,96.945,232.65,1.148,93.1473
2015/7/14,4001.6,7645,96.695,232.65,1.14,93.1564
2015/7/15,3858.4,7136,96.72,232.65,1.153,93.1692
2015/7/16,4008,7531.8,97.03,229.8,1.151,93.1837
2015/7/17,4124.4,7934.4,97.08,228.6,1.186,93.2165
2015/7/20,3950,7589,97.03,223.65,1.194,93.2165
2015/7/21,3969,7715,96.815,220.2,1.207,93.2202
2015/7/22,3945.2,7773,96.93,219.05,1.198,93.2202
2015/7/23,4183.8,8386,97.305,219.15,1.212,93.2266
2015/7/24,4012.2,7980,97.2,216.4,1.19,93.2402
2015/7/27,3647.8,7341.4,97.3,219.4,1.148,93.2566
2015/7/28,3654,7221,97.39,217.85,1.157,93.2639
2015/7/29,3821.4,7702.8,97.4,218.55,1.17,93.2667
2015/7/30,3653.8,7232,97.115,217,1.163,93.294
2015/7/31,3693.4,7399,96.605,215.5,1.165,93.304
2015/8/3,3638.2,7065.2,96.68,216.2,1.158,93.3314
2015/8/4,3837.6,7657.6,96.83,214.95,1.171,93.3268
2015/8/5,3762.6,7486.4,96.8,217.85,1.166,93.3268
2015/8/6,3766.8,7545.4,97.11,216,1.161,93.3149
2015/8/7,3854.6,7851.2,97.14,216,1.168,93.3286
2015/8/10,4032.8,8330,96.95,218.4,1.167,93.3323
2015/8/11,4001.2,8200.6,96.43,221.9,1.198,93.3323
2015/8/12,3966.8,8082.2,96.615,226.15,1.184,93.3414
2015/8/13,4015.6,8345.8,96.575,226.15,1.188,93.3478
2015/8/14,4008.6,8397,96.65,229,1.188,93.3651
2015/8/17,4003.8,8659,96.39,229,1.178,93.3751
2015/8/18,3755,7802,96.7,230.4,1.156,93.3796
2015/8/19,3808.2,8151.2,96.66,230.3,1.153,93.386
2015/8/20,3748.4,8003,96.725,235.15,1.122,93.3906
2015/8/21,3645.4,7749.4,96.825,238.05,1.1,93.4052
2015/8/24,3132.2,6523.6,97,238.85,1.036,93.4097
2015/8/25,2821.6,5871.4,97.04,237.65,1.029,93.4088
2015/8/26,2749.6,5400.2,97.2,235,1.062,93.4161
2015/8/27,3030.8,5928.2,97.7,232.65,1.082,93.4252
2015/8/28,3188.4,6402.6,97.455,233.65,1.084,93.4462
2015/8/31,3070.2,5961.4,97.65,234.2,1.064,93.4498
2015/9/1,2999,5373,97.98,238.9,1.059,93.4854
2015/9/2,2965.8,5377,98.01,237.8,1.03,93.5227
2015/9/7,3096.2,5795,98.1,228,1.029,93.5218
2015/9/8,3338,6383,97.85,228,1.043,93.5136
2015/9/9,3328.2,6369,97.8,228,1.088,93.5072
2015/9/10,3296.6,6319,97.9,228,1.07,93.5182
2015/9/11,3311.4,6420,97.8,228,1.073,93.5373
2015/9/14,3130.6,5758.2,98.75,228,1.063,93.5428
2015/9/15,3142.2,5663.6,98.945,228,1.057,93.551
2015/9/16,3304.8,6050.8,98.84,227.75,1.087,93.5619
2015/9/17,3240.6,5955,98.655,231.05,1.075,93.5601
2015/9/18,3255,6010.2,98.7,232.5,1.085,93.5765
2015/9/21,3232.2,6170.2,98.745,234,1.078,93.5792
2015/9/22,3232.8,6077.8,98.59,234,1.092,93.5883
2015/9/23,3161,5980.4,98.65,232.25,1.054,93.5929
2015/9/24,3187,6100,98.82,234.75,1.054,93.5956
2015/9/25,3118,5787.4,98.9,236.7,1.053,93.6093
2015/9/28,3150,5994.4,99,235.5,1.053,93.6257
2015/9/29,3082.8,5914,99.16,232.45,1.029,93.6321
2015/9/30,3121.4,5917.8,99.215,233.05,1.035,93.6722
2015/10/8,3214.8,6195.2,99.155,234.5,1.094,93.6603
2015/10/9,3310,6406.8,99.9,235,1.107,93.684
2015/10/12,3421,6642.6,99.955,236,1.112,93.6831
2015/10/13,3414.8,6688.6,100.28,235.9,1.11,93.7059
2015/10/14,3377,6645.2,100.18,235.9,1.099,93.7268
2015/10/15,3493.8,6954.8,100.005,235.9,1.121,93.7323
2015/10/16,3516.2,6979.8,99.625,235.3,1.128,93.746
2015/10/19,3381.4,6685,99.74,235.3,1.128,93.756
2015/10/20,3466.6,6850,100.3,235.3,1.128,93.7615
2015/10/21,3342.8,6478.8,100.05,235.3,1.115,93.7687
2015/10/22,3405,6666.2,100.245,235.3,1.123,93.7633
2015/10/23,3476.8,6908,100.055,235.3,1.137,93.7788
2015/10/26,3470.2,6865,100.29,237.25,1.136,93.7924
2015/10/27,3478.6,6903.4,100.595,240.3,1.134,93.8016
2015/10/28,3413,6683.4,100.215,239.5,1.131,93.8088
2015/10/29,3440,6782,99.86,235.75,1.128,93.8161
2015/10/30,3439.2,6783.8,99.915,242.1,1.119,93.8471
2015/11/2,3403,6668.8,99.945,242.1,1.112,93.8544
2015/11/3,3376.6,6656.2,99.75,242.1,1.12,93.859
2015/11/4,3591.2,7090.6,99.625,242.1,1.147,93.8626
2015/11/5,3638.4,7066.4,99.89,242.1,1.144,93.8726
2015/11/6,3753,7293.8,99.655,242.1,1.136,93.8817
2015/11/9,3775.4,7353.8,99.085,242.1,1.133,93.8854
2015/11/10,3776,7394,99.32,242.1,1.117,93.9109
2015/11/11,3806,7545,99.65,242.1,1.116,93.9246
2015/11/12,3756.8,7519,99.645,242.1,1.135,93.9328
2015/11/13,3722.2,7468,99.51,242.1,1.116,93.9474
2015/11/16,3734.4,7638,99.71,242.1,1.1,93.9537
2015/11/17,3699.2,7547.6,99.795,222.35,1.113,93.9619
2015/11/18,3698.8,7499,99.485,221.15,1.108,93.971
2015/11/19,3775,7697,99.675,221.95,1.122,93.9774
2015/11/20,3774.8,7804,99.92,223.4,1.125,93.9893
2015/11/23,3619.2,7356.6,99.98,220.55,1.129,94.0066
2015/11/24,3655.6,7471,100.255,220.7,1.122,94.0084
2015/11/25,3695,7631,100.205,222.05,1.127,94.0139
2015/11/26,3662,7531.8,100.365,220.9,1.123,94.0175
2015/11/27,3487.4,7092.6,100.3,220.3,1.102,94.0212
2015/11/30,3485.8,7118.2,100.595,216.9,1.105,94.0157
2015/12/1,3524.8,7137.6,100.595,220.35,1.113,94.0476
2015/12/2,3692,7280.2,100.595,220,1.124,94.0558
2015/12/3,3699.6,7377.8,100.595,217.45,1.118,94.0685
2015/12/4,3638,7315.8,100.55,218.85,1.111,94.0859
2015/12/7,3620,7339.4,100.5,223.55,1.113,94.1014
2015/12/8,3579.2,7230,100.5,221.85,1.094,94.1105
2015/12/9,3593.2,7212,100.5,222.2,1.094,94.1023
2015/12/10,3567,7170,100.5,222,1.092,94.1114
2015/12/11,3593,7227.4,100.5,220.7,1.083,94.1269
2015/12/14,3711.8,7422,100.09,220.85,1.075,94.1369
2015/12/15,3670.4,7446,100.2,220.1,1.076,94.1442
2015/12/16,3675,7492.6,100.245,222.6,1.096,94.1588
2015/12/17,3754.4,7693.6,100.24,223.1,1.102,94.1651
2015/12/18,3772,7700.8,100.62,221.9,1.103,94.1815
2015/12/21,3800.2,7585,100.78,224.5,1.105,94.1825
2015/12/22,3819,7650,100.775,224.95,1.102,94.1779
2015/12/23,3805,7516.4,100.81,224.15,1.114,94.1861
2015/12/24,3775.2,7533.4,100.96,224.05,1.116,94.1916
2015/12/25,3806.8,7595.8,100.86,224.6,1.12,94.2143
2015/12/28,3647.6,7305,100.955,223.85,1.11,94.228
2015/12/29,3695.8,7418.2,100.83,224.25,1.118,94.2417
2015/12/30,3696.8,7511.4,100.785,224.05,1.114,94.2435
2015/12/31,3658.2,7349,100.68,222.8,1.113,94.2755
2016/1/4,3425,6881.2,100.595,223,1.082,94.2473
2016/1/5,3408.8,6699,100.33,225.05,1.079,94.2925
2016/1/6,3465,6814.4,100.62,226.8,1.08,94.3009
2016/1/7,3245.2,6360,100.58,229.05,1.058,94.3085
2016/1/8,3309,6399.8,100.765,233.9,1.048,94.3329
2016/1/11,3151.8,5940.4,100.79,232.05,1.018,94.3461
2016/1/12,3196.6,6074.8,100.98,234,1.015,94.3527
2016/1/13,3152.8,5904.4,101.13,234,1.023,94.3527
2016/1/14,3204.6,6078,100.92,234,1.015,94.3537
2016/1/15,3132.8,5942.8,101.05,234,0.995,94.3687
2016/1/18,3042,5695.2,100.84,231.9,0.978,94.3791
2016/1/19,3134,5928.8,100.72,231.35,0.989,94.3772
2016/1/20,3074,5835,100.82,232.1,0.959,94.3829
2016/1/21,3011,5679,100.86,233.9,0.946,94.3772
2016/1/22,3042,5779.8,100.875,232.25,0.969,94.4092
2016/1/25,3044.2,5800,100.51,233.95,0.98,94.4215
2016/1/26,2899,5401.2,100.56,234.2,0.954,94.4403
2016/1/27,2867.6,5280.4,100.49,237.55,0.965,94.4497
2016/1/28,2816.8,5155,100.58,236.2,0.963,94.4591
2016/1/29,2903.8,5329.8,100.79,235.1,0.99,94.4864
2016/2/1,2883.8,5323,100.76,236.85,0.993,94.5034
2016/2/2,2948.8,5523.6,100.54,239,0.992,94.5052
2016/2/3,2939.4,5556.8,100.62,241.3,0.967,94.51
2016/2/4,2978.8,5695,100.735,241.3,0.976,94.5344
2016/2/5,2937.2,5617,100.775,241.3,0.978,94.574
2016/2/15,2929.8,5651.4,101.015,241.3,0.95,94.5768
2016/2/16,3016.6,5881,100.815,252.25,0.964,94.574
2016/2/17,3045.6,5947,100.815,253.5,0.959,94.5749
2016/2/18,3050.6,5950.2,100.855,254.5,0.97,94.589
2016/2/19,3048.6,5969.2,100.87,256.5,0.971,94.6079
2016/2/22,3042,5869.2,100.85,254.75,0.978,94.6192
2016/2/23,3022.4,5845,100.865,254.95,0.979,94.6305
2016/2/24,3039.8,5881.8,100.86,257.65,0.97,94.6305
2016/2/25,2847,5361,100.89,262,0.953,94.6126
2016/2/26,2880,5417.8,101.35,260.6,0.966,94.6371
2016/2/29,2789,5075.2,101.35,257.95,0.968,94.6559
2016/3/1,2864.2,5227.4,101.4,255.05,0.974,94.6719
2016/3/2,3009,5587.8,101.35,255.05,1.012,94.6757
2016/3/3,3008.6,5603.8,101.15,255.05,1.004,94.6898
2016/3/4,3052.4,5452,101.15,255.05,1.014,94.7114
2016/3/7,3083.8,5595,101.3,255.05,1.017,94.7152
2016/3/8,3075.4,5661,101.3,255.05,1.008,94.734
2016/3/9,3016.6,5500,101.3,255.05,1.006,94.7444
2016/3/10,2983,5396,101.3,255.05,1.011,94.7613
2016/3/11,2986.6,5413.2,101.3,255.05,1.014,94.7576
2016/3/14,3042,5629.6,100.69,255.05,1.028,94.7529
2016/3/15,3046.6,5608,100.685,255.05,1.025,94.7613
2016/3/16,3062,5565.4,100.8,258.7,1.022,94.7651
2016/3/17,3123,5760,100.63,263.3,1.031,94.7548
2016/3/18,3176.8,5944.6,100.655,263.6,1.035,94.7566
2016/3/21,3210.2,5929.8,100.54,259.4,1.04,94.7642
2016/3/22,3194.6,5921.6,100.63,259.6,1.036,94.7849
2016/3/23,3196,5949.2,100.62,260.6,1.039,94.8075
2016/3/24,3144.8,5843.4,100.72,255.85,1.027,94.8207
2016/3/25,3162.8,5910.4,100.775,255.8,1.027,94.8367
2016/3/28,3129.8,5857,100.71,254.45,1.026,94.8386
2016/3/29,3104,5788.8,101,257.2,1.026,94.8376
2016/3/30,3190,6020.8,101.075,263.5,1.044,94.8301
2016/3/31,3191,6020,101.01,245.65,1.042,94.8508
2016/4/1,3206.6,6028,101.055,245.65,1.034,94.8837
2016/4/5,3236.2,6190.4,100.875,254.2,1.022,94.896
2016/4/6,3239.4,6223.4,100.86,254.2,1.023,94.9035
2016/4/7,3202.8,6156,100.85,248.2,1.017,94.911
2016/4/8,3180,6114.2,100.975,248.2,1.015,94.9384
2016/4/11,3213.8,6237,101.04,257,1.026,94.9355
2016/4/12,3215.4,6239.8,101,257,1.031,94.9412
2016/4/13,3251.6,6306,100.74,257,1.051,94.9487
2016/4/14,3269.2,6381.2,100.42,257,1.071,94.9374
2016/4/15,3270.2,6376.6,100.635,256,1.073,94.9619
2016/4/18,3191.6,6093.2,100.71,257.35,1.056,94.9788
2016/4/19,3192.6,6102.6,100.715,255.95,1.073,94.992
2016/4/20,3114.8,5791.2,100.535,260.05,1.064,94.9948
2016/4/21,3115,5788.4,100.52,263.5,1.082,95.0052
2016/4/22,3141.2,5850,100.58,259.8,1.079,95.0231
2016/4/25,3127.6,5815.4,100.375,259.4,1.079,95.0287
2016/4/26,3143,5885,100.585,259.7,1.073,95.0297
2016/4/27,3125.8,5865.8,100.54,260.7,1.072,95.0476
2016/4/28,3121.2,5833,100.67,260.8,1.075,95.0683
2016/4/29,3128,5844.8,100.6,263.05,1.059,95.0833
2016/5/3,3200,6085,100.83,262.3,1.049,95.0749
2016/5/4,3188.2,6062.8,100.88,262.3,1.037,95.0796
2016/5/5,3192.6,6132.8,100.905,262.3,1.042,95.0899
2016/5/6,3088.4,5887.8,100.92,262.3,1.028,95.1088
2016/5/9,3022,5652.8,101.13,262.3,1.027,95.121
2016/5/10,3035.2,5650,101.18,262.3,1.027,95.1427
2016/5/11,3052.4,5640.4,101.095,262.3,1.023,95.1342
2016/5/12,3066.6,5670,101.205,262.3,1.014,95.1361
2016/5/13,3068,5659.2,101.165,262.3,0.999,95.1511
2016/5/16,3082.4,5772.2,101.03,262.3,1.011,95.1596
2016/5/17,3081.4,5779.2,101.02,267.8,1.015,95.1662
2016/5/18,3058.6,5632.8,100.88,267.75,1.006,95.1719
2016/5/19,3056.2,5641.2,100.89,263.9,1.006,95.1784
2016/5/20,3066,5691,101,264.05,1.019,95.1775
2016/5/23,3043,5635.2,100.96,263.25,1.016,95.1992
2016/5/24,3028.6,5598.6,101.07,261.8,1.014,95.2105
2016/5/25,3021.6,5556,101.045,257.95,1.046,95.2152
2016/5/26,3026,5627.8,100.91,259,1.043,95.218
2016/5/27,3033.6,5630.6,100.9,257.9,1.052,95.2274
2016/5/30,3036.6,5611,101.03,254.6,1.063,95.2415
2016/5/31,3158.8,5923.2,101.04,256.95,1.082,95.2415
2016/6/1,3131.8,5899.8,101,257.65,1.071,95.2434
2016/6/2,3135.4,5937.8,101,257.9,1.07,95.2519
2016/6/3,3177.4,6003.6,101,257.5,1.079,95.266
2016/6/6,3157.4,5974,101,262.55,1.077,95.2773
2016/6/7,3160,6016.6,100.9,262.7,1.093,95.2895
2016/6/8,3148,5995.8,100.9,264.9,1.096,95.3291
2016/6/13,3028.8,5732,100.9,271.05,1.062,95.3291
2016/6/14,3050.4,5723.4,100.475,271.2,1.066,95.3329
2016/6/15,3100,5920,100.48,272,1.064,95.3338
2016/6/16,3088,5912.8,100.675,277.9,1.042,95.3385
2016/6/17,3113.4,5962.4,100.64,273.25,1.048,95.362
2016/6/20,3049.2,5848.2,100.635,275.45,1.068,95.3696
2016/6/21,3037.8,5777.6,100.725,274.8,1.068,95.3733
2016/6/22,3076,5922,100.715,271.3,1.084,95.3762
2016/6/23,3061.6,5888,100.72,270.3,1.086,95.3818
2016/6/24,3013.2,5787,100.885,278.9,1.049,95.3959
2016/6/27,3078,5965.2,101.055,278.7,1.063,95.3762
2016/6/28,3094,6037,100.86,280.3,1.063,95.3922
2016/6/29,3111,6050.4,100.865,283.95,1.07,95.3912
2016/6/30,3111.2,6051.6,101.01,281,1.089,95.4336
2016/7/1,3101,6039.8,101.155,281,1.096,95.4637
2016/7/4,3170,6159.6,101.035,281,1.112,95.4656
2016/7/5,3172.8,6202.4,100.99,281,1.101,95.4666
2016/7/6,3184.2,6226.6,101.055,281,1.084,95.4816
2016/7/7,3185.6,6279.4,101.215,281,1.09,95.4929
2016/7/8,3171.4,6265,101.26,281,1.086,95.5146
2016/7/11,3176.6,6248,101.115,281,1.102,95.5212
2016/7/12,3262.6,6368.6,101.01,281,1.116,95.5259
2016/7/13,3272.4,6416.4,100.965,281,1.129,95.5278
2016/7/14,3270.8,6442.2,100.985,281,1.137,95.5428
2016/7/15,3276.4,6439.8,101.13,281,1.142,95.5569
2016/7/18,3224.2,6266,101.115,287.95,1.154,95.5711
2016/7/19,3206,6272.8,101.16,287.75,1.147,95.5805
2016/7/20,3196,6265.4,101.34,287.6,1.158,95.5852
2016/7/21,3220.2,6310,101.395,283.6,1.168,95.588
2016/7/22,3194.2,6272.6,101.4,283.6,1.157,95.6031
2016/7/25,3198,6290.4,101.315,282.65,1.159,95.6172
2016/7/26,3247,6393.4,101.435,284.4,1.176,95.6106
2016/7/27,3163,6104.2,101.385,283.75,1.167,95.6304
2016/7/28,3191,6125.6,101.525,287,1.166,95.6436
2016/7/29,3181.8,6103,101.475,281.15,1.152,95.6624
2016/8/1,3151.6,6028.2,101.41,286,1.163,95.668
2016/8/2,3164.8,6083,101.515,286,1.159,95.6746
2016/8/3,3166,6102.6,101.565,286,1.141,95.6803
2016/8/4,3177.2,6164.8,101.58,286,1.147,95.685
2016/8/5,3193,6147.2,101.725,286,1.168,95.7076
2016/8/8,3223,6248.2,101.73,281.2,1.185,95.7114
2016/8/9,3244,6297.2,101.795,282,1.179,95.717
2016/8/10,3234.2,6286.2,101.8,295.2,1.175,95.7236
2016/8/11,3226.2,6196,101.875,290,1.187,95.7321
2016/8/12,3288,6260.4,102.045,297.5,1.194,95.7405
2016/8/15,3380,6405.2,102.155,297.5,1.202,95.7415
2016/8/16,3373.4,6458.2,102.04,286.9,1.201,95.7471
2016/8/17,3365.8,6470.8,101.985,287.85,1.203,95.7594
2016/8/18,3365.6,6484.6,102.01,287.05,1.206,95.7575
2016/8/19,3359.8,6490.4,101.935,287.05,1.211,95.7867
2016/8/22,3317,6320.6,101.995,287.05,1.205,95.7961
2016/8/23,3318,6308.6,101.895,286.8,1.21,95.7999
2016/8/24,3302.2,6314.2,101.855,286.95,1.204,95.7999
2016/8/25,3284.2,6280,101.85,285.65,1.207,95.8102
2016/8/26,3278.4,6279.2,102,285.55,1.212,95.8328
2016/8/29,3279.2,6327.2,101.96,285.15,1.207,95.845
2016/8/30,3293.2,6330,101.785,284.65,1.22,95.8535
2016/8/31,3310.6,6343,101.81,283.8,1.218,95.8592
2016/9/1,3271.8,6279,101.75,283.8,1.226,95.8686
2016/9/2,3289,6271,101.7,283.8,1.231,95.8818
2016/9/5,3299.4,6309.2,101.7,283.8,1.258,95.8874
2016/9/6,3329,6445.8,101.7,283.8,1.268,95.8978
2016/9/7,3330.2,6429,101.455,292,1.262,95.9062
2016/9/8,3328.2,6477.2,101.455,293.3,1.27,95.911
2016/9/9,3309,6445,101.455,293.3,1.295,95.9223
2016/9/12,3234.6,6256,101.29,293.3,1.253,95.9364
2016/9/13,3245.6,6292.2,101.405,293.3,1.251,95.9599
2016/9/14,3235,6270,101.435,293.3,1.242,95.9891
2016/9/19,3259.8,6330.8,101.44,293.3,1.258,95.9825
2016/9/20,3214.4,6217.6,101.46,284.15,1.255,95.9787
2016/9/21,3236.6,6248.2,101.465,285.15,1.266,95.9835
2016/9/22,3262.8,6293.2,101.47,286,1.265,95.974
2016/9/23,3248.4,6298.6,101.54,287.85,1.27,95.9919
2016/9/26,3204.8,6201.2,101.575,287.95,1.248,96.0004
2016/9/27,3224.8,6245.6,101.6,288.6,1.26,96.0032
2016/9/28,3221.4,6240.2,101.615,289.4,1.251,96.023
2016/9/29,3241.8,6299.8,101.62,291.95,1.259,96.0324
2016/9/30,3246,6318.6,101.625,286.65,1.243,96.0955
2016/10/10,3289.2,6444.6,101.795,288.85,1.277,96.103
2016/10/11,3298,6454.8,101.77,278,1.259,96.1059
2016/10/12,3289.8,6448.2,101.71,278,1.25,96.1275
2016/10/13,3287.2,6462,101.785,268,1.244,96.1369
2016/10/14,3301.8,6467,101.81,268,1.251,96.1614
2016/10/17,3271,6418,101.88,266.05,1.242,96.1595
2016/10/18,3317,6505.4,101.84,275.3,1.256,96.1492
2016/10/19,3312.8,6491.2,101.965,275.3,1.255,96.1623
2016/10/20,3317.4,6499,102.115,277.2,1.259,96.1567
2016/10/21,3319.2,6451.8,102.12,280.05,1.258,96.1774
2016/10/24,3344.2,6471.4,101.92,278,1.271,96.1765
2016/10/25,3338.8,6487,101.84,277.15,1.275,96.1821
2016/10/26,3329.8,6471,101.69,275.3,1.263,96.1896
2016/10/27,3324.6,6458.2,101.88,272.9,1.251,96.1906
2016/10/28,3324,6411,101.885,274.2,1.247,96.216
2016/10/31,3317.4,6407.6,101.705,279,1.244,96.2348
2016/11/1,3341.2,6465,101.755,275.8,1.256,96.2461
2016/11/2,3319.2,6400,101.825,275.8,1.235,96.2706
2016/11/3,3351.8,6435,101.91,275.8,1.234,96.2734
2016/11/4,3338.6,6419.6,101.905,275.8,1.228,96.2932
2016/11/7,3343.4,6409,101.77,275.8,1.238,96.2989
2016/11/8,3365.2,6469,101.77,275.8,1.24,96.3045
2016/11/9,3348.2,6405,101.76,279.85,1.201,96.3055
2016/11/10,3379.4,6499,101.585,279.85,1.248,96.3083
2016/11/11,3416.8,6563,101.585,279.85,1.24,96.3083
2016/11/14,3425.6,6586.6,101.505,279.85,1.225,96.3186
2016/11/15,3423.2,6601.8,101.57,279.85,1.227,96.3365
2016/11/16,3423.6,6627.4,101.5,274.05,1.233,96.3403
2016/11/17,3429.6,6635.6,101.305,273.25,1.223,96.3478
2016/11/18,3427.4,6618.2,101.225,270.35,1.225,96.3695
2016/11/21,3415,6523.2,101.28,272.5,1.231,96.3742
2016/11/22,3450.8,6593.6,101.26,273.25,1.248,96.3817
2016/11/23,3458.6,6561.8,101.47,273.45,1.247,96.3883
2016/11/24,3464.8,6547.6,101.36,270.65,1.244,96.3921
2016/11/25,3517,6564.8,101.32,268.55,1.251,96.4071
2016/11/28,3532.4,6596.4,101.34,271.1,1.261,96.4184
2016/11/29,3561.6,6556.8,100.9,269.8,1.25,96.4175
2016/11/30,3534.6,6531.2,100.71,268.2,1.248,96.4147
2016/12/1,3568.4,6572,100.92,266.3,1.254,96.4231
2016/12/2,3526,6433,100.94,265.6,1.24,96.4608
2016/12/5,3453,6430,100.94,265.7,1.229,96.4796
2016/12/6,3448.4,6431.4,100.94,265.15,1.237,96.4815
2016/12/7,3459.4,6488.6,100.94,264.95,1.248,96.4825
2016/12/8,3458.6,6488.8,100.94,266.8,1.25,96.4956
2016/12/9,3479,6456,100.94,266.45,1.245,96.5022
2016/12/12,3390.4,6174.6,99.01,262.75,1.233,96.5079
2016/12/13,3391,6231,98.9,263.65,1.231,96.5135
2016/12/14,3371.6,6224,98.74,264.5,1.236,96.5135
2016/12/15,3328,6262.8,97.595,264,1.212,96.4241
2016/12/16,3342.8,6313,98.55,262.65,1.22,96.4636
2016/12/19,3299,6198,97.835,263.2,1.205,96.4928
2016/12/20,3274,6183.8,97.775,263.3,1.198,96.5305
2016/12/21,3310,6256.6,98.85,261.8,1.208,96.5427
2016/12/22,3300,6235,99.15,258.8,1.196,96.5653
2016/12/23,3277,6209.8,98.84,260.1,1.189,96.5851
2016/12/26,3289.6,6219.8,98.945,260.4,1.189,96.5785
2016/12/27,3290.4,6216,98.73,260.6,1.19,96.5578
2016/12/28,3281.4,6218,99.01,262.35,1.196,96.5785
2016/12/29,3283,6215.8,99.585,263.1,1.2,96.6435
2016/12/30,3285,6210.6,99.4,264.05,1.216,96.7622
2017/1/3,3326,6275.8,99.39,263.3,1.225,96.6628
2017/1/4,3358.4,6367,99.345,262.55,1.221,96.6647
2017/1/5,3350.8,6359,99.58,264,1.229,96.6647
2017/1/6,3336.4,6339,99.435,264,1.233,96.6917
2017/1/9,3352,6373.8,99.57,262,1.239,96.6946
2017/1/10,3343.6,6344.6,99.55,267,1.246,96.713
2017/1/11,3323,6297.6,99.41,267.55,1.258,96.7168
2017/1/12,3300,6238.4,99.46,267.55,1.253,96.713
2017/1/13,3309.2,6178.4,99.58,269,1.253,96.7274
2017/1/16,3301.2,6011.4,99.14,269,1.243,96.7284
2017/1/17,3315.4,6065,99.075,271.95,1.248,96.7197
2017/1/18,3345,6073.8,99.1,270.05,1.258,96.7255
2017/1/19,3326,6047,99.355,267.4,1.257,96.7081
2017/1/20,3352.8,6118.4,99.47,268.5,1.253,96.7487
2017/1/23,3352,6114.2,99.425,270.5,1.247,96.7844
2017/1/24,3353.4,6123,99.095,268.7,1.251,96.7979
2017/1/25,3369.2,6155,98.97,266.25,1.257,96.8394
2017/1/26,3377.6,6188.8,99.075,265.2,1.272,96.8626
2017/2/3,3357,6165,98.745,262.9,1.263,96.8848
2017/2/6,3354,6199.6,98.83,262.9,1.27,96.907
2017/2/7,3349,6187.4,99.105,273,1.275,96.9398
2017/2/8,3369.4,6246.6,99.25,269.85,1.285,96.9379
2017/2/9,3380.6,6284.8,99.275,269.85,1.286,96.934
2017/2/10,3402,6294.2,99.355,269.85,1.295,96.9408
2017/2/13,3419,6330.2,99.6,269.85,1.3,96.9466
2017/2/14,3419.4,6332,99.31,269.85,1.295,96.9437
2017/2/15,3410.2,6289.6,99.33,269.3,1.309,96.9524
2017/2/16,3432.4,6345,99.72,273.15,1.317,96.9659
2017/2/17,3427,6313.4,99.67,273.15,1.308,96.9698
2017/2/20,3462.6,6313.8,99.965,275.3,1.322,96.9823
2017/2/21,3459.2,6341,99.92,271,1.317,96.9852
2017/2/22,3467,6389.6,100.01,271,1.324,97.0064
2017/2/23,3453.6,6397.6,100.13,271,1.317,97.0296
2017/2/24,3453,6410.6,99.875,279.6,1.313,97.0393
2017/2/27,3426.6,6348,100.085,279.6,1.309,97.0595
2017/2/28,3429.4,6376.4,100.295,279.6,1.3,97.0634
2017/3/1,3435.2,6397.8,100.295,279.6,1.303,97.074
2017/3/2,3418,6390,100,279.6,1.306,97.0924
2017/3/3,3405,6393,100,279.6,1.293,97.1233
2017/3/6,3422,6459.8,100,279.6,1.299,97.1291
2017/3/7,3432.6,6465,100,279.6,1.307,97.1493
2017/3/8,3430.4,6449.6,100,279.6,1.309,97.1599
2017/3/9,3403.8,6390.8,100,279.6,1.295,97.185
2017/3/10,3406.6,6410.4,100,279.6,1.3,97.2159
2017/3/13,3452.8,6484.6,98.505,279.6,1.314,97.2082
2017/3/14,3446,6470,98.61,279.6,1.316,97.1986
2017/3/15,3451.4,6466.4,98.605,279.6,1.311,97.1947
2017/3/16,3481.4,6539,98.89,270.65,1.327,97.1696
2017/3/17,3464,6527.6,98.82,275.35,1.331,97.1957
2017/3/20,3417.6,6427,98.815,276.05,1.345,97.2208
2017/3/21,3435,6445,98.955,276.3,1.355,97.2285
2017/3/22,3421.4,6428.8,98.865,276.75,1.329,97.2613
2017/3/23,3433.8,6450,98.945,277.65,1.341,97.2758
2017/3/24,3483.4,6527.8,99.26,277.25,1.339,97.2758
2017/3/27,3461,6480.6,99.375,277.45,1.324,97.2941
2017/3/28,3458,6467.2,99.22,280.8,1.329,97.298
2017/3/29,3456.6,6443.6,99.205,279.3,1.335,97.2874
2017/3/30,3431.6,6366.4,99.21,278.95,1.33,97.3067
2017/3/31,3450.4,6380.2,99.24,279.15,1.329,97.3588
2017/4/5,3507.2,6538.6,99.055,279.15,1.333,97.3762
2017/4/6,3504,6536,99.145,279.15,1.333,97.41
2017/4/7,3510.6,6556,99.265,279.15,1.327,97.4418
2017/4/10,3501.6,6546,99.11,279.15,1.334,97.4544
2017/4/11,3505,6602.2,99.15,279.15,1.323,97.4892
2017/4/12,3496,6555.8,99,279.15,1.32,97.4727
2017/4/13,3508.6,6610,99.05,279.15,1.332,97.4814
2017/4/14,3477,6518.8,98.815,279.15,1.317,97.5017
2017/4/17,3472.4,6443.2,98.555,279.15,1.314,97.5123
2017/4/18,3462.6,6422.2,98.57,286.35,1.312,97.522
2017/4/19,3440,6346.6,98.67,286.4,1.303,97.5307
2017/4/20,3458.6,6347.8,98.655,285.85,1.308,97.5471
2017/4/21,3457.6,6315.2,98.41,285.15,1.32,97.5751
2017/4/24,3408.2,6108.4,98.14,286,1.319,97.576
2017/4/25,3422.6,6128,98.385,285.6,1.337,97.5703
2017/4/26,3427.8,6142,98.42,279.2,1.343,97.5838
2017/4/27,3426.8,6160,98.405,282.1,1.349,97.6002
2017/4/28,3420.4,6180.4,98.305,282.5,1.346,97.634
2017/5/2,3407.4,6176,98.26,282.25,1.346,97.6513
2017/5/3,3396.8,6156.2,98.155,282.25,1.352,97.662
2017/5/4,3383.4,6123.6,97.765,282.25,1.347,97.6745
2017/5/5,3360.4,6057.8,97.715,282.25,1.335,97.6996
2017/5/8,3339.4,5951.2,97.465,282.25,1.346,97.7151
2017/5/9,3342.2,5987,97.375,282.25,1.36,97.746
2017/5/10,3323.8,5842.2,96.97,282.25,1.379,97.7411
2017/5/11,3341.4,5827.2,97.2,282.25,1.379,97.7431
2017/5/12,3367.2,5827.2,96.965,282.25,1.38,97.7662
2017/5/15,3386.6,5876.8,97.185,282.25,1.389,97.7778
2017/5/16,3431,6009.8,96.995,277,1.389,97.7749
2017/5/17,3411,6020,97.01,278.1,1.387,97.7865
2017/5/18,3392.4,5960.2,97.05,280.3,1.377,97.8068
2017/5/19,3398.6,5964,96.995,279.85,1.389,97.8106
2017/5/22,3382.2,5828.6,96.755,280.55,1.397,97.8406
2017/5/23,3402,5716,96.825,282.05,1.391,97.8502
2017/5/24,3402,5759,96.98,279,1.393,97.8618
2017/5/25,3486,5810.6,96.985,280.25,1.406,97.883
2017/5/26,3480.6,5814.6,96.95,280.45,1.405,97.8975
2017/5/31,3482,5772.6,96.905,278.45,1.403,97.8975
2017/6/1,3489,5667,97.35,278.9,1.395,97.94
2017/6/2,3480.8,5753.2,97.35,277.9,1.415,97.9506
2017/6/5,3456.6,5775,97.5,281.55,1.403,97.9728
2017/6/6,3484.6,5807.2,97.4,283.35,1.409,97.9883
2017/6/7,3533,5952,97.3,283.7,1.409,97.997
2017/6/8,3559.8,5940,97.2,283.2,1.411,98.0105
2017/6/9,3578.6,5964.4,97.25,280.5,1.407,98.0201
2017/6/12,3568,5882.2,97.81,278.75,1.396,98.0414
2017/6/13,3576.2,5955.4,97.83,279.6,1.395,98.0481
2017/6/14,3532,5956.6,97.94,281.8,1.396,98.0578
2017/6/15,3524,6008.4,97.92,281,1.385,98.0703
2017/6/16,3521,6015,97.88,278.35,1.389,98.0839
2017/6/19,3530,6006,98.235,278.35,1.406,98.1032
2017/6/20,3521,6029.4,98.22,278,1.409,98.0983
2017/6/21,3558.4,6034,98.035,278,1.401,98.1273
2017/6/22,3560.8,5944.8,97.845,278,1.403,98.1476
2017/6/23,3597.4,5953.2,97.99,278,1.405,98.1688
2017/6/26,3647.2,6085.8,98.19,280.1,1.414,98.1669
2017/6/27,3650.4,6061,98.175,275.6,1.411,98.1785
2017/6/28,3627,6048,98.135,278.15,1.398,98.1891
2017/6/29,3649,6074.4,98.09,278.15,1.412,98.192
2017/6/30,3642.6,6097.2,97.99,278.15,1.399,98.2325
2017/7/3,3625.8,6146,97.78,278.15,1.402,98.2586
2017/7/4,3587,6119,97.84,278.15,1.38,98.2876
2017/7/5,3640.8,6161.4,97.95,278.15,1.389,98.331
2017/7/6,3633.2,6146.4,98.07,278.15,1.393,98.3397
2017/7/7,3627.2,6183.2,97.965,278.15,1.387,98.3339
2017/7/10,3634,6165,97.9,278.15,1.398,98.3436
2017/7/11,3661.8,6108.4,97.9,278.15,1.418,98.3522
2017/7/12,3638.8,6085.4,97.89,278.15,1.423,98.3619
2017/7/13,3679.2,6108.2,97.94,278.15,1.438,98.3706
2017/7/14,3698.8,6093.4,97.87,278.15,1.438,98.387
2017/7/17,3649.8,5825.6,97.795,278.15,1.44,98.4073
2017/7/18,3650,5899,97.665,273.95,1.443,98.4082
2017/7/19,3729.4,6033.2,97.645,272.85,1.453,98.4111
2017/7/20,3747.2,6074,97.8,272.45,1.457,98.4237
2017/7/21,3738,6123,97.73,271.05,1.454,98.4546
2017/7/24,3733,6083.8,97.79,272.6,1.455,98.4681
2017/7/25,3704.8,6081.2,97.64,273.8,1.453,98.4816
2017/7/26,3684,6070,97.525,271.05,1.458,98.5048
2017/7/27,3690.6,6129.4,97.53,275.3,1.471,98.5193
2017/7/28,3708.4,6185.2,97.455,272.45,1.464,98.5308
2017/7/31,3722.2,6265.6,97.34,275.5,1.476,98.5357
2017/8/1,3748.8,6247.6,97.215,271.1,1.491,98.5444
2017/8/2,3753.4,6225.4,97.255,271.1,1.504,98.5733
2017/8/3,3715.8,6233.8,97.29,271.6,1.493,98.5839
2017/8/4,3692,6185.2,97.34,271.6,1.487,98.6148
2017/8/7,3715,6280,97.15,271.6,1.496,98.6255
2017/8/8,3717.4,6272.2,97.15,271.6,1.5,98.638
2017/8/9,3715,6317.4,97.05,271.6,1.494,98.6457
2017/8/10,3701,6251,97.16,278,1.475,98.6573
2017/8/11,3627.8,6139.2,97.295,275.65,1.44,98.6786
2017/8/14,3681.4,6286.4,97.425,275.65,1.455,98.6901
2017/8/15,3694.4,6292.8,97.395,275.65,1.47,98.6921
2017/8/16,3690.8,6309.6,97.31,271,1.47,98.6979
2017/8/17,3719,6365.8,97.33,277.9,1.466,98.7075
2017/8/18,3725.2,6349.8,97.335,277.9,1.457,98.7394
2017/8/21,3721.2,6358.8,97.245,277.9,1.459,98.7481
2017/8/22,3732.6,6336,97.255,277.9,1.472,98.7606
2017/8/23,3741.6,6285.2,97.29,277.9,1.477,98.7674
2017/8/24,3724,6248.6,97.29,277.9,1.476,98.7896
2017/8/25,3794.8,6327.2,97.25,277.9,1.488,98.805
2017/8/28,3843.8,6417.8,97.205,277.9,1.485,98.805
2017/8/29,3837.8,6389.8,97.19,277.9,1.478,98.8156
2017/8/30,3834.2,6433.6,97.21,277.9,1.488,98.8214
2017/8/31,3829.6,6464.2,97.385,277.9,1.488,98.8562
2017/9/1,3837.8,6528.6,97.32,277.9,1.486,98.8794
2017/9/4,3842.6,6548.6,97.21,277.9,1.465,98.9064
2017/9/5,3854.2,6569.2,97.21,277.9,1.461,98.9189
2017/9/6,3846.6,6593.6,97.21,277.9,1.459,98.9296
2017/9/7,3828.2,6549.4,97.21,277.9,1.454,98.9402
2017/9/8,3820.8,6553.2,97.21,277.9,1.448,98.9556
2017/9/11,3831.4,6661.8,97.625,277.9,1.478,98.9672
2017/9/12,3844.2,6646.6,97.665,277.9,1.48,98.9846
2017/9/13,3844.2,6681.6,97.54,277.9,1.475,98.9933
2017/9/14,3830.4,6681.4,97.73,277.9,1.474,99.0136
2017/9/15,3834.2,6629.2,97.69,277.9,1.473,99.0213
2017/9/18,3854.8,6678.4,97.495,279.5,1.494,99.0338
2017/9/19,3823.8,6600.6,97.6,278.6,1.501,99.0358
2017/9/20,3845.4,6668.6,97.52,279.6,1.496,99.0628
2017/9/21,3837.2,6594.6,97.45,276.3,1.501,99.1101
2017/9/22,3829.4,6532.2,97.555,275.9,1.487,99.1449
2017/9/25,3801.4,6440.8,97.64,275.8,1.474,99.1323
2017/9/26,3813.8,6485,97.645,281,1.473,99.14
2017/9/27,3819.8,6560,97.625,279.85,1.484,99.1004
2017/9/28,3831,6552,97.72,279.9,1.486,99.0975
2017/9/29,3849.2,6598.2,97.695,278.1,1.483,99.2192
2017/10/9,3888.8,6684.2,97.47,278.1,1.519,99.2366
2017/10/10,3893,6717,97.44,278.1,1.518,99.2752
2017/10/11,3902.2,6660.8,97.41,278.1,1.517,99.2964
2017/10/12,3916,6650.2,97.255,278.1,1.521,99.3148
2017/10/13,3933,6722,97.25,278.1,1.517,99.3466
2017/10/16,3918,6606.6,97.02,278.1,1.531,99.3563
2017/10/17,3911,6591.8,96.79,276.25,1.536,99.3833
2017/10/18,3930.8,6542.8,96.84,276.25,1.535,99.3766
2017/10/19,3922.6,6497,96.985,276.25,1.526,99.3794
2017/10/20,3924.4,6548,96.99,276.25,1.528,99.3978
2017/10/23,3922,6576.2,97.02,276.25,1.523,99.4084
2017/10/24,3945.6,6560.8,96.98,274.6,1.512,99.4171
2017/10/25,3967,6599.8,96.65,277.6,1.523,99.4229
2017/10/26,3993.8,6622.6,96.71,277.6,1.517,99.4268
2017/10/27,4021.8,6601.4,96.355,277.6,1.53,99.4393
2017/10/30,3981.6,6468.2,95.955,273.05,1.529,99.4538
2017/10/31,3993.8,6507.6,96.065,273.05,1.523,99.4741
2017/11/1,3981.6,6481,96.155,273.05,1.529,99.5001
2017/11/2,3987.4,6440,96.07,273.05,1.528,99.5233
2017/11/3,3963.4,6362,96.105,273.05,1.533,99.5677
2017/11/6,4008.4,6475,96.17,273.05,1.532,99.5629
2017/11/7,4049,6514.4,95.93,273.05,1.558,99.5667
2017/11/8,4046.6,6541,96.05,273.05,1.558,99.5764
2017/11/9,4080.2,6600.4,96.02,273.05,1.565,99.5832
2017/11/10,4115.6,6619.6,95.99,273.05,1.567,99.5947
2017/11/13,4127.4,6654,95.67,273.05,1.574,99.6034
2017/11/14,4101,6591.2,95.89,273.05,1.572,99.6063
2017/11/15,4073.4,6527,96.02,273.05,1.558,99.6295
2017/11/16,4106.2,6556,96.125,275.05,1.563,99.6469
2017/11/17,4108.4,6433,96.025,276.2,1.571,99.6739
2017/11/20,4146,6389.6,95.955,277.45,1.575,99.6797
2017/11/21,4232.4,6418,95.94,276,1.597,99.6932
2017/11/22,4235.6,6375.2,95.615,275.8,1.612,99.699
2017/11/23,4099,6208.2,95.635,276.1,1.6,99.7231
2017/11/24,4099.2,6227,95.785,276.35,1.604,99.7482
2017/11/27,4022,6136,95.835,276.4,1.6,99.7618
2017/11/28,4041.2,6262.4,95.76,277.45,1.591,99.7637
2017/11/29,4035.8,6273.2,96.115,277.45,1.596,99.7685
2017/11/30,3982,6200,96.365,273.9,1.571,99.8062
2017/12/1,3978.8,6279,96.365,272,1.568,99.8235
2017/12/4,3999,6233.8,96.365,272,1.577,99.8506
2017/12/5,4017.2,6098,96.365,271.85,1.56,99.8708
2017/12/6,3988,6132,96.365,270.85,1.529,99.8757
2017/12/7,3948.6,6085.6,96.365,268.65,1.518,99.8959
2017/12/8,3998,6174,96.365,266.4,1.538,99.9085
2017/12/11,4067.4,6270.6,96.2,265.5,1.551,99.9095
2017/12/12,4010.2,6226.8,96.11,263.15,1.546,99.9191
2017/12/13,4046.6,6273.8,96.165,265.45,1.565,99.9307
2017/12/14,4030,6284,96.29,267,1.558,99.949
2017/12/15,3987.6,6233.6,96.435,268.5,1.541,99.977
2017/12/18,3984.8,6161.8,96.415,269.85,1.553,99.9713
2017/12/19,4044,6234,96.395,270.85,1.563,99.9761
2017/12/20,4029,6158.4,96.425,270.7,1.549,99.9944
2017/12/21,4082,6227,96.45,270.05,1.556,100.0244
2017/12/22,4069.2,6243.2,96.64,269.2,1.56,100.0369
2017/12/25,4049.2,6162,96.57,271.65,1.566,100.0562
2017/12/26,4068.8,6219.4,96.47,271.8,1.568,100.0253
2017/12/27,3991.4,6156.2,96.49,271.75,1.563,100.0272
2017/12/28,4030,6206,96.505,273.2,1.573,99.895
2017/12/29,4039.8,6280.8,96.605,271.75,1.576,100.138
2018/1/2,4104,6345,96.26,272.35,1.603,100.18
2018/1/3,4121.6,6388.2,96.29,272.35,1.607,100.196
2018/1/4,4135.8,6406.8,96.25,272.35,1.616,100.307
2018/1/5,4148.2,6400.8,96.26,272.35,1.612,100.342
2018/1/8,4163.8,6433,96.4,273,1.617,100.359
2018/1/9,4197.4,6435,96.41,273,1.631,100.268
2018/1/10,4212.2,6406.6,96.2,273,1.643,100.275
2018/1/11,4208.4,6423.2,96.045,273,1.637,100.275
2018/1/12,4229,6401.2,96.145,273,1.643,100.308
2018/1/15,4223.4,6273,96.005,273,1.641,100.318
2018/1/16,4269.2,6285.6,95.985,278.75,1.659,100.326
2018/1/17,4250.6,6250,95.84,277.45,1.662,100.33
2018/1/18,4280,6285.6,95.66,276.6,1.674,100.342
2018/1/19,4290.8,6281,95.635,276.45,1.671,100.368
2018/1/22,4354.8,6348.6,95.795,276.45,1.685,100.395
2018/1/23,4400,6345.8,95.81,276.55,1.708,100.397
2018/1/24,4404.6,6409.6,95.865,277.3,1.712,100.408
2018/1/25,4373,6387,95.955,278.15,1.685,100.423
2018/1/26,4397.8,6397,95.96,276.2,1.708,100.456
2018/1/29,4315.2,6312.2,95.945,275.45,1.694,100.48
2018/1/30,4267.6,6302.8,95.875,274.7,1.676,100.501
2018/1/31,4280,6186.6,95.915,272.6,1.672,100.537
2018/2/1,4239.4,5970,96.045,273.1,1.676,100.57
2018/2/2,4270.4,5986.2,95.95,273.3,1.67,100.628
2018/2/5,4264,5979.8,95.88,273.3,1.645,100.62
2018/2/6,4119.8,5686.8,96.03,270.05,1.568,100.591
2018/2/7,4023,5663,96.035,271.25,1.547,100.561
2018/2/8,3996.8,5747,95.885,271.25,1.561,100.581
2018/2/9,3781.2,5504,96.075,271.25,1.511,100.609
2018/2/12,3865.6,5661,96.185,273.4,1.519,100.643
2018/2/13,3920.6,5713.8,96.08,273,1.532,100.699
2018/2/14,3959,5730,96.05,272.05,1.561,100.841
2018/2/22,4047.6,5866,95.905,272.05,1.596,100.753
2018/2/23,4049.6,5833.4,96.085,274.25,1.611,100.788
2018/2/26,4108.2,6004.6,96.35,273.6,1.614,100.795
2018/2/27,4042,5979.6,96.695,272.95,1.602,100.801
2018/2/28,4002,5983.4,96.7,269.25,1.576,100.815
2018/3/1,4002,5983.4,96.7,269.25,1.582,100.828
